Date,Open,High,Low,Close,Volume,ATR_14,EMA_5,Distance_to_EMA_5,EMA_9,Distance_to_EMA_9,EMA_18,Distance_to_EMA_18,EMA_21,Distance_to_EMA_21,EMA_40,Distance_to_EMA_40,EMA_50,Distance_to_EMA_50,EMA_100,Distance_to_EMA_100,Volume_20D_MA,Year,Smooth_Distance_to_EMA_5,Smooth_Distance_to_EMA_9,Smooth_Distance_to_EMA_18,Smooth_Distance_to_EMA_21,Smooth_Distance_to_EMA_40,Smooth_Distance_to_EMA_50,Smooth_Distance_to_EMA_100,EMA5_Rolling_Mean,EMA5_Rolling_Std,Spike,Days_Between_Spikes,Next_Week_Perf,Two_Weeks_Perf,Next_Month_Perf,Three_Months_Perf,Volume_20D_MA_Spike,Volume_Above_20D_MA,SPY_30_Day_Perf
1995-02-03,28.09234574466226,28.359453294365608,28.04629271885134,28.313400268554688,405100,0.19145060235563172,27.95730297726586,0.35609729128882606,27.831542070002392,0.4818581985522954,27.657352733263856,0.6560475352908313,27.612810550097528,0.7005897184571594,27.421165774677693,0.8922344938769946,27.359314775642716,0.9540854929119718,27.20292344799171,1.110476820562976,123535.0,1995,,,,,,,,0.10022092119287329,0.09468636077213123,True,,0.006830937184560671,0.008782854867055375,,0.09372108332475546,123535.0,Yes,0.0
1995-03-10,28.644988129262202,29.114729092153638,28.608145700800126,29.041044235229492,192100,0.217766778508226,28.78187262779042,0.25917160743907175,28.744485906680353,0.2965583285491391,28.6443557500919,0.3966884851375916,28.599754043113784,0.44129019211570863,28.30679069267409,0.7342535425554004,28.175896459615608,0.8651477756138846,27.762121121660652,1.2789231135688404,235830.0,1995,,,,,,,,0.08012107366106935,0.06282869259045391,True,35.0,0.011471002217213058,0.02486320815406882,,0.0892764033006716,235830.0,No,0.0
1995-05-03,30.661384223395313,30.985500335693363,30.661384223395313,30.98550033569336,724700,0.22820713195943323,30.663764916380323,0.3217354193130362,30.534961457120595,0.45053887857276465,30.322185782827578,0.6633145528657813,30.257192754149717,0.7283075815436426,29.86275492659732,1.1227454090960407,29.671472243956657,1.3140280917367022,28.945274535050373,2.040225800642986,280340.0,1995,0.11378322622931282,0.19429557210750478,0.3765394332075242,0.43680942513703364,0.7784943872953822,0.9237921358552604,1.3983126930165783,0.10300890105337963,0.0817182912227471,True,54.0,0.0056782486236348845,0.01045980856278292,0.02420751667279561,0.07862212183368927,280340.0,Yes,1.0
1995-09-05,33.878085717998566,34.1109568048696,33.82219665714951,34.09232711791992,272200,0.22488682436736088,33.7818784400623,0.31044867785762165,33.67042623242016,0.4219008854997597,33.555501379565115,0.536825738354807,33.52585667816898,0.5664704397509439,33.294388196859664,0.7979389210602577,33.13907710732025,0.9532500105996746,32.261826810533464,1.8305003073864583,349680.0,1995,0.11962748701553803,0.16799740796477794,0.29646627495954614,0.3501030568696534,0.733712661489135,0.9442059540741686,1.9037725203203952,0.07028647975201636,0.07144594410364226,True,125.0,0.013660696832383752,0.028410673306852704,0.025938618336889856,0.08526939222671696,349680.0,No,1.0
1995-10-26,34.98598286186978,35.01407653119141,34.33046391103175,34.61140060424805,606800,0.27558691415133146,34.95480680102228,0.34340619677423234,35.024318982929756,0.41291837868170944,35.00093643624004,0.38953583199199215,34.97366239739348,0.3622617931454357,34.714458056790114,0.10305745254206755,34.55088796636592,0.060512637882126796,33.66099023926666,0.9504103649813871,382435.0,1995,0.1039314990905968,0.1535445614520035,0.26810186036687056,0.3100037520941342,0.627105295969835,0.811786019373256,1.7581501274834397,0.10240409975819098,0.09184991569799837,True,51.0,0.024350472398238718,0.03138571950203518,,0.07886889820548956,382435.0,Yes,0.0
1996-01-10,36.5967932656881,36.672172860468095,35.965489159405635,36.163360595703125,787700,0.3984338188709588,36.75328673742038,0.5899261417172568,36.9081384169907,0.7447778212875775,36.949956158734565,0.7865955630314403,36.92795658885207,0.7645959931489443,36.65140987826189,0.48804928255876234,36.47398531816857,0.31062472246544814,35.55305880718429,0.6103017885188322,552310.0,1996,0.15604493100415104,0.2337026194837312,0.36832345617461526,0.41151004698637206,0.7144534160957103,0.8868054429742706,1.7915425875876345,0.16792488848641868,0.16824958399859585,True,76.0,0.01146486374273102,0.03256895985741784,0.09770751248311182,0.07431850268480786,552310.0,Yes,1.0
1996-03-08,38.707434586652624,39.12202249361774,37.38829124630906,38.2928466796875,2289900,0.6898578487107804,39.04461242737204,0.7517657476845372,39.13460644928655,0.8417597695990509,39.0959985116098,0.8031518319222997,39.04436433289424,0.75151765320674,38.60633174875372,0.31348506906621765,38.3692741537826,0.07642747409509809,37.28782407495101,1.0050226047364887,861385.0,1996,0.24274974559446166,0.34772455901161536,0.5172706056075252,0.5711964159911573,0.9021123280431089,1.0770287678574142,2.016892965644167,0.2799521076102295,0.17405385680226787,True,58.0,0.014327810452828384,0.030639932896603387,,0.06969030427644687,861385.0,Yes,0.0
1996-04-10,38.78469698202043,38.95505436261495,38.00862447042314,38.16005325317383,939500,0.4509068722809368,38.86955008384859,0.7094968306747589,39.080464914465004,0.9204116612911761,39.183681264464056,1.0236280112902278,39.18244303124652,1.022389778072693,39.01279838571185,0.8527451325380184,38.864482041127246,0.7044287879534181,37.97257885023706,0.18747440293676476,857135.0,1996,0.25341047676674794,0.36140340272582794,0.508110229747769,0.549700342156152,0.8118344530174479,0.9697073351868508,1.901051462398629,0.19115616920308226,0.18509147337236453,True,33.0,0.020338026090853445,0.03174641415458639,0.0376987730907072,0.04643887610938209,857135.0,Yes,1.0
1996-05-13,39.69329238291597,40.365257990733575,39.65543516557413,40.19490051269531,867500,0.5137748506104103,39.58867830477446,0.606222207920851,39.440611457935965,0.7542890547593473,39.33551069263717,0.8593898200581407,39.31606683820083,0.87883367449448,39.197615922352874,0.9972845903424385,39.10891845966121,1.0859820530341011,38.441516263871165,1.7533842488241476,717810.0,1996,0.22114459898309535,0.2820378079187786,0.35827751469638414,0.385617941862233,0.5846784605281029,0.7164736058239697,1.5748876647720857,0.2045055533745998,0.13381318437063566,True,33.0,0.019307094756574356,,0.012950262564189,,717810.0,Yes,1.0
1996-07-05,40.26516912686191,40.455458205911356,39.80847533714325,39.93216323852539,842900,0.40476768130762003,40.610949191282415,0.6787859527570248,40.67356487312865,0.7414016346032568,40.671837497702676,0.7396742591772849,40.65759264360133,0.7254294050759427,40.47746329230476,0.5453000537793713,40.35430634267469,0.4221431041492991,39.63934170133237,0.29282153719302073,840110.0,1996,0.2163320111693264,0.29803446742220324,0.3884549579500219,0.4163888164555162,0.5607971031278742,0.6529820712412002,1.343267198621807,0.15513996502613275,0.1475119639347052,True,53.0,-0.015487615228806866,-0.02454208678524991,,0.06382178715142381,840110.0,Yes,0.0
1996-07-15,39.40884211628217,39.40884211628217,38.15293502807617,38.15293502807617,1951300,0.5606730079555641,39.174264316779514,1.0213292887033418,39.594861602161984,1.4419265740858123,40.01403611907014,1.8611010909939694,40.08209369024128,1.9291586621651078,40.19270529963683,2.0397702715606556,40.14815597088143,1.9952209428052612,39.613026467634874,1.4600914395587026,884620.0,1996,0.2267773623067511,0.32078822403628676,0.4246937968211253,0.45517075739524415,0.6113771148436569,0.7030790872086499,1.3309782415190878,0.2737261005907243,0.2571047858423507,True,10.0,0.013466495186802303,0.005735303572051688,0.05985074532850516,,884620.0,Yes,1.0
1996-09-13,41.59717751418664,41.78746652385812,41.483004108383746,41.74940872192383,2008800,0.5029015651770052,41.0605915426414,0.6888171792824309,40.79263938967702,0.9567693322468074,40.56069351047069,1.188715211453136,40.51108005676923,1.2383286651545973,40.309967995841234,1.4394407260825943,40.245359951298006,1.5040487706258219,39.910405238471185,1.8390034834526432,785335.0,1996,0.25556889041542363,0.38219895787313823,0.5499198629548455,0.5810207168536071,0.6628728124506729,0.6880314535514902,0.8642204089303419,0.22281313089382843,0.17948580330562489,True,60.0,0.006292101034350396,0.006978664895525612,,0.07203392579390457,785335.0,Yes,0.0
1996-11-06,43.81956730682622,44.60376733283228,43.781313647021044,44.58464050292969,1665000,0.45084522641339014,43.81272917317227,0.7719113297574154,43.567001176419765,1.0176393265099222,43.28088955653233,1.3037509463973578,43.19426290240531,1.3903776005243742,42.658164905718344,1.9264755972113434,42.411339634400825,2.1733008685288624,41.5024903850467,3.082150117882989,811685.0,1996,0.19866108176366692,0.3175014812043522,0.5517863328154775,0.6192490522691618,0.9443133072826927,1.0674757849505394,1.5713206393799692,0.20231598279283283,0.15955639690985857,True,54.0,0.008365792246754593,0.025525608516926833,0.020162914597664054,0.09156741899702898,811685.0,Yes,1.0
1996-12-12,45.770504529252015,45.82788501967732,44.64202155088767,44.75678253173828,2540200,0.6865191025981261,45.44428135820253,0.6874988264642496,45.62803450568944,0.8712519739511606,45.57607818596661,0.819295654228327,45.49586346645282,0.7390809347145364,44.83511701937002,0.07833448763173578,44.489235542788926,0.2675469889493556,43.142345481424904,1.6144370503133771,1637430.0,1996,0.24119443646911248,0.4041866734187335,0.7168888712599004,0.8191382660927036,1.4031281735567762,1.6503960633575532,2.5393816194636707,0.2843568464564733,0.15601732193619938,True,36.0,0.026282136404493346,0.041418095476906384,,0.10669339987770954,1637430.0,Yes,0.0
1997-03-31,47.48358924195146,47.61865024345233,46.46098451630195,46.53816223144531,4270700,0.8385066975144438,47.74214943066568,1.2039871992203643,48.149433298578494,1.6112710671331811,48.55066430605561,2.012502074610296,48.606951619586056,2.0687893881407433,48.539513784408584,2.0013515529632713,48.3583396649421,1.820177433496788,47.127217348274755,0.5890551168294422,1875715.0,1997,0.3408089845602702,0.4631665019905795,0.6645991478783657,0.7278577686497798,1.1725671795922235,1.4409141964853802,2.7899831033554148,0.34453425893126166,0.28497010303664466,True,109.0,0.010157626826889185,-0.013474265760633458,0.062604162397436,,1875715.0,Yes,1.0
1997-06-12,54.255919986747635,54.95051924689092,54.062975747818946,54.93122482299805,4273300,0.6897702514863165,53.938549489273015,0.9926753337250318,53.45747998166006,1.4737448413379894,52.738678187670025,2.1925466353280214,52.52634349451434,2.404881328483704,51.43060141399063,3.5006234090074173,51.00372813999309,3.9274966830049536,49.45533834174085,5.475886481257199,1508420.0,1997,0.40661678508236637,0.6429839807051614,1.0752713817283481,1.1817619036575362,1.586379361466564,1.7064425589889958,2.2850906019146,0.3043862184906782,0.26734907382181045,True,73.0,0.01422621879568394,-0.0006900052229562015,,0.03421921735379802,1508420.0,Yes,0.0
1997-08-15,57.101475249256275,57.101475249256275,55.55191011359125,55.64875793457031,4907100,1.0535613078514423,57.015537046876176,1.3667791123058635,57.515730913032684,1.8669729784623712,57.74718565354358,2.0984277189732694,57.699812298056074,2.051054363485761,56.9284783543011,1.2797204197307863,56.41797711185174,0.7692191772814283,54.09286002511395,1.5558979094563625,4112170.0,1997,0.38758129145670933,0.6285345487396533,1.144289159390274,1.329826189999664,2.3935313917588563,2.8802527155354416,4.768093399750914,0.44003354905615594,0.319312434453198,True,64.0,0.030977952545614928,0.006613386301112943,,0.026375947114845446,4112170.0,Yes,0.0
1997-10-27,57.86499374553721,58.43849191973286,54.02547207083753,54.23931884765625,10840700,1.260169613682381,57.60444020831297,3.3651213606567225,58.460771786613265,4.221452938957015,59.000888184907666,4.761569337251416,59.03417557881795,4.794856731161701,58.820487008545015,4.581168160888765,58.59069803032433,4.351379182668083,57.04108505385629,2.8017662062000426,4752505.0,1997,0.46899523919994923,0.6486759135209116,0.8711629954343278,0.9193066652663602,1.2588124891513324,1.5350056430053625,3.3639193486600987,0.5453869142392541,0.7303900455686175,True,73.0,0.07813616502205013,0.059498138764450176,0.09569855129706963,,4752505.0,Yes,1.0
1998-01-09,59.49076735820009,59.64691110454707,57.402344750809206,57.65607833862305,10258800,1.072097866033263,59.313571003236554,1.6574926646135069,59.62196277356938,1.9658844349463322,59.75154346386053,2.0954651252374816,59.75054651773668,2.0944681791136333,59.60007607925842,1.9439977406353748,59.4814325628184,1.825354224195351,58.590675256199546,0.9345969175764992,4168685.0,1998,0.5139092235628722,0.699628578013092,0.8832494554030288,0.9127337579803216,1.0369185235596716,1.119133408384785,1.8575593711328473,0.5253373563715332,0.38608111864715383,True,74.0,0.043331318670958,0.03926897859925719,,0.2079296317137631,4168685.0,Yes,0.0
1998-04-27,68.5091613523917,68.70490181339852,67.41301477075342,68.09810638427734,14510200,0.9143870567160397,69.38940335039385,1.291296966116505,69.64484035292207,1.5467339686447303,69.52838856345848,1.430282179181134,69.40538264989951,1.3072762656221641,68.31259122620284,0.214484841925497,67.69869747112398,0.3994089131533656,65.14631704680154,2.9517893374758017,5238280.0,1998,0.41930651758339804,0.7093250696284887,1.352464316278403,1.5561154714782865,2.6618323323310427,3.1375301625719794,4.961936003240277,0.3843410182897138,0.29894308752432536,True,108.0,0.033055915157877404,0.018683797617120343,0.008336101539869736,,5238280.0,Yes,1.0
1998-07-23,73.08647691949051,73.26320402649627,71.57447833733018,71.75120544433594,15110900,0.8976609107111833,73.0128439072985,1.2616384629625657,73.19668998708313,1.4454845427471952,72.79510004849048,1.043894604154545,72.61561908470036,0.8644136403644183,71.65149931522866,0.09970612910727539,71.23518783456224,0.5160176097736979,69.29979233502856,2.4514131093073814,5970415.0,1998,0.49191651724902996,0.6948504713264207,0.9234048671592864,0.9759983837676399,1.2890566876998923,1.5407007487497755,3.378915751158231,0.520735382148785,0.2639408526266235,True,87.0,0.0002731649514374601,-0.04597698949468631,,-0.06293129279433603,5970415.0,Yes,0.0
1998-08-04,70.5140617606796,70.5140617606796,67.23479461669922,67.23479461669922,15091600,1.4145198826884118,69.58135941095279,2.346564794253567,70.49561127185441,3.260816655155196,71.31357830514881,4.07878368844959,71.39488734736133,4.1600927306621145,71.25795991054302,4.023165293843803,71.03009820889478,3.795303592195566,69.48353042474939,2.2487358080501707,8289990.0,1998,0.5218217909725522,0.7639535679370278,1.020565313999485,1.0690087379328685,1.3040561055313198,1.492292753972348,3.0908501371550257,0.6650746362116706,0.5023749797443277,True,12.0,-0.0011678734048831678,0.031542227213560946,-0.07885454676877957,0.0492535743428244,8289990.0,Yes,0.0
1998-08-31,65.1926420132319,65.35955088585615,59.69446738560994,60.32283020019531,22563100,1.9580192482130099,64.5145258287881,4.191695628592782,65.89971069978307,5.576880499587759,67.30561475379368,6.982784553598364,67.61839867653349,7.295568476338175,68.77713213171478,8.454301931519467,69.03387786957157,8.711047669376256,68.82707338168565,8.504243181490338,12902815.0,1998,0.6687439889181183,0.9997221661403737,1.4233018491955345,1.5198646050413798,1.868396716541244,2.000014193265124,2.7024087463782127,0.8870421247639542,1.029094738836955,True,27.0,,0.07747380237911607,0.06363947034857058,,12902815.0,Yes,1.0
1998-10-15,63.13704877362354,67.62994737549188,63.01881459989016,66.82201385498047,20541100,2.359061501974878,64.14470637451473,2.6773074804657426,63.65236951752334,3.169644337457129,63.73912711839257,3.082886736587902,63.850567178439,2.9714466765414684,64.77567347015714,2.046340384823324,65.24390578633997,1.5781080686405033,66.45902615651394,0.3629876984665259,11542225.0,1998,0.8315478394515695,1.188863336104114,1.621209747469369,1.740268154764489,2.3565159015058543,2.588946833359688,2.8595132573098168,0.7936214580543453,0.7347224875982589,True,45.0,0.021232871629201136,0.032439020630827556,,0.16812625913470294,11542225.0,Yes,0.0
1999-05-25,83.31956926242326,83.93396189970564,81.45657223324443,81.81331634521484,15406400,1.6846179675651862,83.55593202635941,1.7426156811445708,84.22680308608764,2.4134867408727985,84.71219324401369,2.8988768987988465,84.73726150171262,2.92394515649778,84.30683528471369,2.4935189394988413,83.9004518901886,2.087135544973762,81.5120679857804,0.30124835943443884,8654405.0,1999,0.7068297532129483,0.9383073674846847,1.2442839868214894,1.331296588037968,2.043314583600589,2.535538040788968,5.011515421195056,0.5605453056220618,0.4153203511846884,True,222.0,0.005813995235668421,0.025193233324956044,0.02658737615325686,0.0610905927065348,8654405.0,Yes,1.0
2000-01-04,91.78585993198675,92.12558551849747,89.29786960724641,89.36781311035156,8089800,1.3957940434765845,92.05213040437975,2.6843172940281903,92.31353389300877,2.9457207826572045,91.90743751667718,2.539624406325615,91.71367130472844,2.3458581943768735,90.43614049647971,1.0683273861281464,89.85613788685082,0.48832477649925465,87.91699513173046,1.450817978621103,5546030.0,2000,0.7199244716058298,1.0716329697474525,1.6609927411940903,1.8316771001591863,2.643122463247038,2.9164407377472887,3.710661281050083,0.5765772504936628,0.6075033538053525,True,224.0,0.03398966911845683,0.04338113126106725,0.024597950863687035,0.08504084732829771,5546030.0,Yes,1.0
2000-03-16,90.5668710647117,93.90417633121807,90.08725833180061,93.58443450927734,25601400,2.288154659672351,90.3547674622126,3.229667047064737,89.6357002578317,3.948734251445643,89.15022441389607,4.434210095381275,89.12979093103112,4.45464357824622,89.31932005026388,4.265114459013461,89.37698053207782,4.2074539771995205,88.94205736370046,4.642377145576887,11715560.0,2000,0.9001433043428617,1.1521367382075127,1.4493808336737721,1.52521165496203,1.9169806740254205,2.032819250350214,2.668302518988859,1.0068876729086107,0.6702634634679723,True,72.0,0.04578610059970004,0.018597622640700345,,0.01281723199475245,11715560.0,Yes,0.0
2000-04-14,91.4381176513784,91.55832551858003,85.58800144756542,87.1907730102539,29604000,2.8277505280063315,92.11431341014243,4.923540399888523,93.59836132713778,6.407588316883874,94.19657548411129,7.005802473857386,94.11009362291566,6.91932061266175,93.19644128016148,6.005668269907574,92.77744821915458,5.586675208900672,91.19159005859184,4.000817048337936,10911820.0,2000,0.9851227645505118,1.3774116917343617,1.9367328172191431,2.0609703400590695,2.468734084217872,2.550160914355693,3.0410108174425927,1.1240643393584904,1.225379628855401,True,29.0,,0.0668663819516324,,0.1039260626434327,10911820.0,Yes,0.0
2000-07-28,93.64160394343487,93.76209496287743,90.94059692426438,91.3121109008789,6229500,1.2730382950791983,93.26781112248099,1.9557002216020862,94.01090002315257,2.6987891222736664,94.44604296711341,3.1339320662345074,94.45328777765687,3.141176876777962,94.17458837966201,2.8624774787831058,93.98929028508643,2.6771793842075198,93.08374096704937,1.7716300661704594,5446740.0,2000,0.7873207230863021,1.0825814812872987,1.3589231487170452,1.4069394282328644,1.5681232569409593,1.6225392884093854,1.9649624932249,0.7204624416071163,0.42994119351108095,True,105.0,0.03012968835341486,0.0373862604389988,,-0.03563106401065266,5446740.0,Yes,0.0
2000-09-15,95.46721159268732,95.50747612731098,94.05795288085938,94.05795288085938,4085700,1.2217845410786552,95.39110954298023,1.3331566621208566,95.8265963116053,1.7686434307459251,96.0868156900005,2.028862809141131,96.07312077744645,2.015167896587073,95.72609027681536,1.6681373959559807,95.50693566291618,1.4489827820568024,94.4799453431069,0.4219924622475304,4173705.0,2000,0.5612432244440435,0.8029432303855738,1.0365202963874942,1.0766821774394915,1.319406442596555,1.4490457239501184,2.160872759028373,0.4493731409910424,0.28528360756395443,True,49.0,-0.004922794297767328,-0.016266716329920175,,-0.0794089953865736,4173705.0,No,0.0
2000-09-18,94.29955854928888,94.68207170309684,92.90036569720186,93.1922836303711,5109300,1.2730252227889278,94.65816757211053,1.4658839417394347,95.29973377535846,2.107450144987368,95.78212810477636,2.589844474405268,95.81122649134868,2.618942860977583,95.60248995259856,2.4102063222274666,95.41616499497324,2.22388136460215,94.45444709136956,1.2621634609984653,4197850.0,2000,0.5736422450273814,0.8193328470667548,1.048688696870937,1.08669732356915,1.317811800742503,1.4420659799681068,2.126230343240312,0.5079196602124171,0.3618114440674371,True,3.0,-0.002807964273793832,-0.005616665352697554,-0.07193772130248478,,4197850.0,Yes,0.0
2001-02-21,82.65012097499513,83.25755400081036,81.0992185974535,81.17676544189453,10910800,1.4599686358612172,83.44091897752095,2.26415353562642,84.45509745386957,3.2783320119750385,85.46663950483787,4.2898740629433405,85.62468325881643,4.447917816921901,86.16239283707738,4.985627395182846,86.41324808125923,5.236482639364695,87.75787133453848,6.581105892643947,7352240.0,2001,0.8196321673166831,1.1158202993222714,1.4485341377514607,1.5187415128502992,1.9600185962434233,2.2038409903279983,3.3825833074283658,0.7000800017304861,0.5447624094294398,True,156.0,-0.01329379574306431,0.01082640875691647,-0.08622611971559026,0.049466818659133584,7352240.0,Yes,0.0
2001-03-12,79.05721411408916,79.16060993028228,76.0911168921693,76.30436706542969,13972900,1.9510901305841972,79.41057136815459,3.1062043027249047,80.25437829819916,3.9500112327694694,81.57715601923087,5.272788953801182,81.93326291494994,5.628895849520248,83.48476899855213,7.18040193312244,84.05132378639621,7.746956720966523,86.12882327412375,9.824456208694059,10244655.0,2001,0.8573046416786486,1.1838266917160902,1.5992386357180277,1.6926115201721899,2.174863712410087,2.408826218188683,3.6678556707095726,0.9368169213649715,0.7622237467623227,True,19.0,-0.003506920954597602,-0.015480085420331583,-0.008771501812852365,,10244655.0,Yes,0.0
2001-09-17,65.6289774344022,69.13785444715116,64.97918557861604,67.7732925415039,32388700,1.7962036613335732,70.72557817909001,2.952285637586101,72.05191516167788,4.2786226201739765,73.75658983102535,5.983297289521445,74.14353506196113,6.370242520457225,75.76866695611567,7.99537441461176,76.32564146447494,8.552348922971035,78.16395246553519,10.390659924031283,16349240.0,2001,0.6462894737481142,0.9324015231512807,1.3129991026424128,1.4069582753770442,1.849238279351389,2.0104852991072506,2.9905669684626535,0.807968873617449,0.7101380429176856,True,189.0,-0.03089388812408528,0.0034629486892139203,0.03599116127432279,,16349240.0,Yes,1.0
2002-01-29,74.51176174572154,74.69501341556503,72.02476695133578,72.17529296875,27720800,1.100920153761925,73.61735453082068,1.442061562070677,73.99286733946929,1.817574370719285,74.45306427070334,2.2777713019533365,74.52814980742093,2.352856838670931,74.55662042123379,2.381327452483788,74.47041056601954,2.295117597269538,74.53773607597816,2.3624431072281595,15468925.0,2002,0.5308972016770803,0.7443294909906032,1.0320453551371709,1.106734162239004,1.4426132426704161,1.4830003717092992,1.1908451821344728,0.42046814903871094,0.3823385513812356,True,134.0,-0.01006505175388154,0.007345330311538071,0.007889190034840848,-0.028236203193180664,15468925.0,Yes,1.0
2002-04-11,74.09512018164007,74.20013825797628,72.52644897101479,72.58551788330078,25453700,1.0421885100051196,73.64460104662507,1.0590831633242885,74.01741644084991,1.4318985575491325,74.4551505723203,1.8696326890195252,74.51110814929008,1.9255902659892996,74.5332836462039,1.947765762903117,74.48619730444773,1.9006794211469469,74.41052923924802,1.8250113559472396,18814245.0,2002,0.5157444156525953,0.7389977973004986,1.0011109399533995,1.0487259592417506,1.195602825895501,1.2185777025163156,1.3169632113689935,0.38535841196825515,0.26289738101810917,True,72.0,0.016999811539480693,-0.010127361682013813,,-0.1640975037757797,18814245.0,Yes,0.0
2002-07-10,63.22995791161647,63.27606288825773,60.621722750770154,60.674415588378906,50522500,1.8631554528382632,62.82499877991437,2.1505831915354605,63.561973109800505,2.8875575214215985,64.80362365031849,4.129208061939579,65.16283032984596,4.488414741467054,66.98277370593776,6.3083581175588535,67.69928613582668,7.024870547447776,69.9245976963166,9.25018210793769,28991965.0,2002,0.695341820887133,0.9901624423602164,1.4877968970158877,1.641057696944106,2.383593756405362,2.674855896380036,3.5536289322388943,0.840209925692843,0.49645300871261633,True,90.0,-0.014980540612723928,-0.08033003060463487,-0.009010065365082148,-0.12364019743189654,28991965.0,Yes,0.0
2002-10-15,57.55242547608437,58.69699257251334,57.45980213274257,58.68375778198242,82320300,1.99707628428316,55.98282221676228,2.700935565220142,55.302376728325115,3.3813810536573072,55.473299621577134,3.210458160405288,55.661889966158014,3.0218678158244074,56.93671347678497,1.7470443051974485,57.5969952349822,1.0867625470002196,60.69478056919485,2.0110227872124256,62964810.0,2002,0.9944474779542152,1.432451757289601,2.0167494482225536,2.153951998255956,3.089232534017554,3.6306388280141904,6.537177538394744,1.0617697557690922,0.5958766961273019,True,97.0,0.009244198121440405,-0.0014664972654311297,0.022885612888274814,0.05397002456187907,62964810.0,Yes,1.0
2003-03-17,55.48830000300043,57.80862172117671,55.328737654438164,57.69559860229492,88217500,1.2280683749783812,56.00713155649389,1.6884670458010334,55.64082693737599,2.054771664918931,55.66866010389135,2.026938498403574,55.75586227638271,1.9397363259122145,56.4636658826522,1.231932719642721,56.79478515342572,0.9008134488692008,58.041475839105985,0.34587723681106297,49004875.0,2003,0.5458387725971996,0.794955406175615,1.1382927544844292,1.223879007536135,1.6220679019336754,1.7508024974638685,2.270916720880258,0.516540558891651,0.4258032667297617,True,153.0,0.0029912285022600663,-0.019570625383688974,0.021039693399243813,,49004875.0,Yes,1.0
2003-08-05,65.92891261391263,66.16339099981495,64.54212949319293,64.5957260131836,61415600,1.0915264850521749,65.70279455735628,1.1070685441726908,66.0205281300918,1.4248021169082108,66.26411253762352,1.6683865244399243,66.27883108641345,1.6831050732298536,65.93445327769169,1.338727264508094,65.59204156252635,0.9963155493427536,63.916336311376654,0.6793897018069401,44104495.0,2003,0.4396814763833315,0.6348408202343915,0.9730641973703623,1.092105956663207,2.0267151553118987,2.503810077743411,3.9370846152755647,0.29763253220240105,0.2802861004405686,True,141.0,0.03246179646806527,0.046048922772781005,0.07249479164882715,0.10347300970355479,44104495.0,Yes,1.0
2004-03-10,77.51521399448865,77.54899542599141,76.05572005868251,76.0692367553711,67671800,0.8803269748215915,77.25953885251585,1.1903020971447518,77.54227720211853,1.473040446747433,77.62141532722407,1.552178571852977,77.58636825572701,1.5171315003559158,77.04816023241287,0.978923477041775,76.65999529409277,0.5907585387216727,74.62035703484175,1.448879720529348,38660735.0,2004,0.3436027203243257,0.5376952543051903,0.9192522996349838,1.0563153103837652,1.9541957629401936,2.3962600211394047,4.367125971932207,0.3118866144971584,0.2936356979054898,True,218.0,0.004086235188500691,-0.02350322404578204,,0.023829284391317748,38660735.0,Yes,0.0
2004-03-11,75.9476470724398,76.53549477010812,75.06924696899084,75.082763671875,89134800,0.9252121977073874,76.53394712563556,1.4511834537605637,77.05037449606982,1.9676108241948214,77.35418883718734,2.271425165312337,77.35876783901318,2.2760041671381828,76.9522872294598,1.8695235575847988,76.59814307361364,1.5153794017386417,74.62951360191171,0.4532500699632891,40969190.0,2004,0.36328774515929096,0.5677605194925397,0.9511745992466615,1.0868153474131035,1.969541635286936,2.4014391959509025,4.331972159717969,0.3441616355485067,0.37497686835461047,True,1.0,0.01754807926799528,0.0024214408579074525,,0.027617432260623857,40969190.0,Yes,0.0
2004-08-05,75.05612978151642,75.11737537731392,73.68144756577168,73.7699203491211,50772000,0.9488612491332548,74.65997248892009,0.8900521397989962,74.83644095830653,1.0665206091854316,75.15044567918596,1.38052533006487,75.24710688540088,1.4771865362797882,75.65195935651829,1.8820390073971964,75.76497834730213,1.9950579981810392,75.7787527764005,2.008832427279401,45959370.0,2004,0.3532793086474108,0.5340102523120388,0.8154148676915727,0.874046713683689,1.0353113486420928,1.0607131716704055,1.0563424349347506,0.34993613979622895,0.2159206377405485,True,147.0,-0.013099675246202596,0.01208511050223437,,0.06511633727441576,45959370.0,Yes,0.0
2004-08-06,73.24591149149386,73.47048907698381,72.55857552436179,72.71509552001953,74729000,0.9882345134437897,74.01168016595324,1.2965846459337058,74.41217187064913,1.697076350629601,74.89409303085266,2.1789975108331276,75.01692403400257,2.3018285139830397,75.50869770595737,2.793602185937843,75.6453750991734,2.9302795791538756,75.71808629607612,3.002990776056592,48325175.0,2004,0.36966363246631834,0.5541364199388664,0.8395850057628201,0.8995538395838885,1.0673888450487783,1.0957555010337237,1.1011851961544643,0.4025495534769362,0.30047656421014746,True,1.0,0.0031816469209193284,0.03397303070545288,,0.09532213755387338,48325175.0,Yes,0.0
2004-10-01,76.7147929887247,77.6646728515625,76.68062254786055,77.6646728515625,62824300,0.6375119144393366,76.73281376651084,0.9318590850516557,76.59322065820261,1.0714521933598888,76.44916818340076,1.215504668161742,76.38950783124268,1.2751650203198182,76.09176395338625,1.5729088981762516,76.01230964946434,1.652363202098158,75.82825390179647,1.8364189497660277,37910065.0,2004,0.37103635295648063,0.5515401624176853,0.7975093476325356,0.8455301989553317,0.9804033613616838,1.0043597728907063,0.9537419241615757,0.3024855401159023,0.22536619553282575,True,56.0,-0.010030979411501205,-0.02102947602199837,,0.07402454540739262,37910065.0,Yes,0.0
2005-01-04,82.95237537085423,83.00746703589193,81.56134497854943,81.82991027832031,69167600,0.6981018963702132,82.70081076089252,0.8709004825722104,82.81550304277648,0.9855927644561717,82.5883242913646,0.7584140130442876,82.46332394299225,0.6334136646719344,81.54774222179627,0.28216805652404275,81.0889567732814,0.7409535050389167,79.44638776257413,2.3835225157461792,42096280.0,2005,0.3957723331429471,0.6222912384988464,1.0453498770794833,1.1699279794770379,1.8168563566317408,2.075859337900723,2.8792738490906395,0.3072621480812245,0.20945037364617972,True,95.0,-0.00547008515133405,0.0053857076660441695,0.0010938305606860588,-0.006210369386915989,42096280.0,Yes,1.0
2005-04-14,81.1626990018366,81.23183142049287,80.03582000732422,80.03582000732422,96119800,0.8686108390836093,81.07536628055729,1.0395462732330714,81.31291733453833,1.2770973272141077,81.57159203891801,1.535772031593794,81.64265920813524,1.6068392008110237,81.89548135586764,1.8596613485434261,81.91132067708892,1.8755006697647048,81.39896755123044,1.3631475439062228,65720535.0,2005,0.36954844479497423,0.5208728095176612,0.7093946589186334,0.7470891488308946,0.8551022335918684,0.9043704351013118,1.48849198842328,0.38380990608708815,0.2550875777276078,True,100.0,0.002073408636708322,-0.013561756854206991,,0.061795889692105824,65720535.0,Yes,0.0
2005-04-15,80.01509823295166,80.3331116475922,78.88130944181,78.91587829589844,128677300,0.9328072703044786,80.35553695233767,1.439658656439235,80.83350952681036,1.9176312309119226,81.29204322386332,2.3761649279648793,81.39477003429552,2.478891738397081,81.75013486513744,2.8342565692390025,81.79385234841479,2.8779740525163504,81.34979746696644,2.4339191710679984,69025190.0,2005,0.3849228562207466,0.539600311407668,0.7313945274628233,0.7707557029470855,0.8916184312626191,0.9470295176651555,1.506764822830704,0.43528615480605026,0.3477333622114732,True,1.0,0.01243950160011029,0.014016409275554441,,0.08108685299268287,69025190.0,Yes,0.0
2005-06-24,83.21169858600247,83.30193822039647,82.48980798961641,82.58699035644531,58572500,0.7166946541030745,83.43229753275583,0.8453071763105129,83.55385894602749,0.9668685895821767,83.35529823232147,0.768307875876161,83.25465971204486,0.6676693555995428,82.71753697965164,0.13054662320632815,82.53553908649018,0.05145126995513749,81.9441609760587,0.6428293803866154,48166645.0,2005,0.37247252296271155,0.5187564074041524,0.774876613696914,0.8411477544506902,1.0813060919881434,1.13026135450595,1.1940909018844714,0.2657466949962576,0.21218817759438952,True,70.0,0.004622607886563148,0.019667261656105467,,0.024176334398229554,48166645.0,Yes,0.0
2005-10-05,84.52094936251538,84.56277246034448,83.34985475861623,83.39167785644531,106052100,0.8898762040124036,84.50375390480573,1.1120760483604215,84.75466889735428,1.362991040908966,84.96603666694605,1.5743588105007404,84.999681153534,1.6080032970886862,85.02250125820515,1.6308234017598409,84.95026362819422,1.558585771748909,84.32798283179534,0.9363049753500263,64179755.0,2005,0.3265697376977142,0.47914335662210217,0.6642835471233071,0.706533611264628,0.9504381801403291,1.0844337976458474,1.7679107534622103,0.3437593057286648,0.28982440176637836,True,103.0,-0.017805252438310555,0.0012534864048736386,0.020730420004402436,0.06471296250043686,64179755.0,Yes,1.0
2006-04-18,90.71021329865374,92.12437931843101,90.71021329865374,91.95552062988281,92531800,0.9025677997259152,91.1471317500956,0.8083888797872163,91.15180923892667,0.8037113909561384,91.16804720314897,0.7874734267338397,91.1427665111399,0.8127541187429159,90.83042922352496,1.1250914063578534,90.62075464753119,1.3347659823516267,89.5012713877036,2.454249242179216,60421845.0,2006,0.3391550076582335,0.45520647441852435,0.5835798674370579,0.6150126480197934,0.8488580661871314,1.0381218836821828,2.1948575131291457,0.26154246603925274,0.218332110377662,True,195.0,-0.002524642833852466,0.005202611112410948,-0.034353362382199513,-0.05214077333438205,60421845.0,Yes,0.0
2006-05-12,91.71633062705118,91.96961334299435,90.89316448411154,90.9283447265625,91726500,0.8181401816398021,92.1353130196905,1.206968293128,92.30479978704066,1.3764550604781647,92.20134421266442,1.2729994861019236,92.14129812400188,1.212953397439378,91.72830173623059,0.7999570096680912,91.50204395200882,0.5736992254463189,90.35495292977696,0.5733917967855433,68190760.0,2006,0.3437187924060397,0.4671340770168583,0.6250430596932668,0.6681587318119085,0.9940790909603184,1.18631373302845,2.3187258384635254,0.3888835214992625,0.2844143228280779,True,24.0,-0.01655842848224894,-0.006654634608026742,,-0.010113473891943052,68190760.0,Yes,0.0
2006-05-17,90.52730087961257,90.82983805399222,89.19053230688654,89.24681854248047,144789500,0.8472858180032949,90.76348509186215,1.5166665493816822,91.32806695141404,2.0812484089335754,91.68321869167876,2.436400149198292,91.70459576331854,2.457777220838068,91.54518231895636,2.2983637764758953,91.37969450176763,2.132875959287162,90.35948281400036,1.1126642715198898,70540155.0,2006,0.367474536823145,0.504845474566047,0.668892562077341,0.7111397975203976,1.020239069275255,1.1977864491824735,2.2697248367731357,0.441704592782245,0.36910053562239076,True,5.0,-0.005360941356374328,0.005202705919997155,-0.012999840396780272,0.018514400920723362,70540155.0,Yes,0.0
2007-02-27,102.69208502668661,102.92047431828925,99.2090584813053,99.56592559814453,274466500,1.0033011601340962,102.40118636142344,2.83526076327891,102.91506869403908,3.349143095894547,103.0002588844129,3.4343332862683695,102.94286079092687,3.3769351927823408,102.36611695479453,2.8001913566500036,101.99573046602134,2.429804867876811,100.01137361132919,0.44544801318465943,73964440.0,2007,0.3566014012024117,0.4935127013751625,0.7460438943698022,0.8377694457358221,1.6323949975787277,2.0913202569026637,4.153838912039038,0.4944076583924094,0.5817183826620409,True,286.0,0.00143383622068603,-0.008961323126164484,0.021742863480968454,,73964440.0,Yes,1.0
2007-06-07,108.60254871561436,109.27612131115464,106.81113689084134,106.83980560302734,232414600,1.0149704264184882,108.6741576306876,1.834352027660259,108.97787904670595,2.138073443678607,108.79279835391108,1.9529927508837375,108.64611885060918,1.8063132475818406,107.52953521279002,0.6897296097626793,106.97244587940487,0.13264027637752918,104.70749972789147,2.13230587513587,128341055.0,2007,0.4834854879098582,0.7514002708416657,1.3046728530674356,1.4615264099003165,2.1968519741387804,2.4759087777889426,3.8176685491773608,0.4448165797721423,0.4134604086665366,True,100.0,0.0252186081871036,0.02370943636567089,,-0.004513447760653661,128341055.0,Yes,0.0
2007-07-26,108.0847484030378,108.5237374264335,105.35006322357485,106.52310180664062,467592500,1.4023004662818974,108.74798428799659,2.2248824813559622,109.4068296059857,2.883727799345081,109.65260540795241,3.1295036013117823,109.63246582264401,3.109364016003383,109.21616831831199,2.6930665116713612,108.89562455326542,2.372522746624796,107.06129475536943,0.5381929487288062,166155060.0,2007,0.5288628383132651,0.7362681849058891,1.110327128025394,1.2259499119405832,1.9410932276482928,2.323406820223495,4.25528722839304,0.6325711379599788,0.5229207487911326,True,49.0,-0.002837519255566961,-0.017768265106721033,,0.028229585088190998,166155060.0,Yes,0.0
2007-07-27,106.65979256508643,107.13475527343722,104.38568609563464,104.42886352539062,422987600,1.5606234428746433,107.30827736712794,2.8794138417373176,108.4112363898667,3.9823728644760763,109.10273784136696,4.6738743159763345,109.15941106834823,4.730547542957609,108.98264125524265,4.55377772985203,108.72045745413308,4.291593928742458,107.00916740428073,2.5803038788901063,179419190.0,2007,0.568769454914656,0.7850993364691718,1.1532784899016055,1.2653666419591525,1.9594880832952863,2.3315143477870834,4.210971059130185,0.7718195146830311,0.7095735440733802,True,1.0,-0.009027082709293746,-0.0027560510531352968,,0.0513428844875326,179419190.0,Yes,0.0
2007-09-18,107.10607515771073,109.74720325604889,106.60231969962976,109.71842193603516,263759500,1.574498984151873,107.65162133822659,2.066800597808566,107.0442925131293,2.6741294229058497,106.42597184926282,3.292450086772334,106.34142435235918,3.3769975836759727,106.36225078155204,3.356171154483121,106.45545070034194,3.2629712356932146,106.27404582697149,3.4443761090636684,169200840.0,2007,0.7597693496768876,1.0362839801524957,1.3664603886155673,1.4243260736230217,1.6744306023659838,1.790759846498185,2.26406468500397,0.6931849441139072,0.5147734821082232,True,53.0,-0.00230832139571809,0.015485348632950962,0.01284916438084021,-0.043958029938502945,169200840.0,Yes,1.0
2007-10-19,110.69441698434999,113.14561572359483,108.21430039548947,108.22152709960938,297169900,1.4073998635534863,110.48906428555372,2.2675371859443487,111.03790855602662,2.816381456417247,110.91959584417262,2.698068744563244,110.7492383605787,2.527711260969326,109.71510166942997,1.4935745698205949,109.3389227690765,1.117395669467129,108.08999282744306,0.13153427216631997,143001875.0,2007,0.7982860247497817,1.1862079168666186,1.7319691559144175,1.858002915006409,2.2985564379098533,2.3659426259610226,2.40871670218279,0.5625572734386232,0.4960432456263731,True,31.0,0.026391185163398712,0.010222271539446557,,-0.10377409302287545,143001875.0,Yes,0.0
2008-09-04,93.21601229076303,93.40689487793695,91.00619585043418,91.05758666992188,340042500,1.5191753151055138,93.15237487922857,2.0947882093066994,93.60110398259637,2.5435173126744957,93.82900320852276,2.7714165386008887,93.84858502428361,2.790998354361733,94.1717591219163,3.1141724519944205,94.46804925809106,3.4104625881691817,96.05898883509177,5.0014021651698926,214532320.0,2008,0.7756823867058306,1.1105360421155466,1.6841067720018636,1.8331303236148084,2.4822683755767128,2.74161724554384,4.03309164809809,0.6031224472119717,0.49641302967300904,True,321.0,0.011932283768045513,-0.03192809444411861,,-0.29190161791690056,214532320.0,Yes,0.0
2008-09-15,89.29557360613205,92.24688985635431,88.01814114023287,88.16497039794922,483607000,2.165236287055394,90.75515483778337,2.5901844398341467,91.4789252566771,3.3139548587278824,92.34868501000177,4.183714612052555,92.51834649434188,4.353376096392665,93.28856389444981,5.12359349650059,93.66875154274034,5.50378114479112,95.42717146078668,7.2622010628374625,256529800.0,2008,0.796284169809046,1.1160346008956727,1.6734554703461832,1.824119454842724,2.5401789053426573,2.849580344346814,4.314260904416868,0.7834851326451506,0.6558740031968062,True,11.0,0.016005854641748037,-0.06716050134826543,-0.2460565150845551,,256529800.0,Yes,0.0
2008-09-17,87.83458811876658,89.45707524947365,85.16225571511066,85.61009216308594,624095600,2.616219339133451,88.79246064893238,3.182368485846439,90.01103059689055,4.400938433804612,91.38430670384426,5.774214540758322,91.65249515064572,6.0424029875597824,92.74473646093467,7.134644297848737,93.20095467310817,7.590862510022234,95.1204577839539,9.510365620867958,298474355.0,2008,0.8440448323161193,1.1825637782775278,1.7530305945239861,1.9060583832440245,2.6434252436020564,2.9668457808259276,4.482212580807127,0.9017131468962141,0.8435467515672931,True,2.0,0.025798928909376507,0.0010442839489867557,-0.19604243296950047,-0.2075136042981936,298474355.0,Yes,0.0
2008-09-29,87.9738064837045,88.12148562515259,81.94102285461993,82.24376678466797,459562300,3.670020396685147,86.69422459085013,4.450457806182158,87.78121239376564,5.537445609097674,89.25581678728169,7.012050002613719,89.61466432024015,7.370897535572183,91.18034896094022,8.936582176272253,91.78646471253379,9.542697927865817,94.08344715305188,11.83968036838391,388851725.0,2008,0.8719301847296715,1.1588434146932491,1.690316860218724,1.837830159104143,2.6239504626961523,2.9947289043481145,4.701549110063844,1.1984042752396007,1.152441968221744,True,12.0,-0.059795145667543764,-0.0900522316858622,-0.16430239553314957,,388851725.0,Yes,0.0
2010-01-21,86.76533694140078,87.03190765790532,84.96788038039037,85.07450866699219,344859600,1.066832530607032,86.38239107233022,1.3078824053380345,86.54704912990186,1.4725404629096772,86.27185036679019,1.1973416997980024,86.13253317901379,1.0580245120216034,85.19351320659881,0.11900453960662105,84.68618347564605,0.38832519134614074,82.06053621638766,3.013972450604527,131958690.0,2010,0.5204053108232474,0.7244585949340595,1.0462669269955294,1.1498677044951153,1.8869044968209012,2.341413640093052,5.056331078773524,0.48207183601773806,0.2349087036312552,True,479.0,-0.02802127113486767,-0.04708971107766683,,0.0846634070153708,131958690.0,Yes,0.0
2010-01-22,84.69368165331358,85.10496462891885,83.08663376765051,83.17803192138672,345942400,1.1342913897994424,85.31427135534906,2.136239433962345,85.87324568819884,2.6952137668121168,85.94618526727403,2.7681533458873133,85.86394215559315,2.685910234206432,85.09519704634455,1.9171651249578332,84.62704027743979,1.4490083560530707,82.08266484420942,1.0953670771773005,144670435.0,2010,0.5477948724678535,0.7658009476800277,1.0793327301499032,1.177935538621177,1.8800964740365365,2.3153585210932714,4.97468605764304,0.5609458245423738,0.43856387518254397,True,1.0,-0.016664815377216813,-0.023349361433552943,,0.11270399459343987,144670435.0,Yes,0.0
2010-04-27,92.26958207378286,92.79726986601005,90.43413130736252,90.61003112792969,355853300,1.0597550350674834,91.95762889321054,1.3475977652808524,91.98176012265726,1.371728994727576,91.47441249993267,0.8643813720029812,91.25260843086494,0.6425773029352513,89.87017685522738,0.7398542727023028,89.25310567674214,1.35692545118755,86.77478214992804,3.835248978001644,171474545.0,2010,0.5180700155311238,0.8740171046516466,1.5300716974626272,1.690671796344248,2.3442200844888226,2.570822700952598,3.810092936838847,0.4614335283079633,0.31865058792022827,True,95.0,-0.008102766166084477,-0.022366975687491485,-0.06515876224841152,-0.05392719601617926,171474545.0,Yes,0.0
2010-05-06,88.91224565248129,89.47817435226482,80.30092570075048,86.37320709228516,647356600,1.946890981188255,89.14364580692256,2.7704387146374074,90.07572763893214,3.70252054664698,90.65130389597712,4.278096803691966,90.64593953511385,4.272732442828698,89.95485212296593,3.581645030680775,89.48180924901008,3.1086021567249276,87.22931761545311,0.8561105231679562,234289675.0,2010,0.5514152286065153,0.893175948592853,1.491174701400851,1.6391617790704136,2.3264028788389672,2.605415583767322,4.07284499790232,0.6966558365057665,0.6013549592436296,True,9.0,0.02700512820784607,-0.047813160353813396,,0.0050241544357536,234289675.0,Yes,0.0
2010-05-07,86.14376023767078,87.00794891838032,83.67355445793427,85.08837890625,637558800,2.1053074264485483,87.79189017336505,2.703511267115047,89.07825789239571,3.989878986145712,90.0657328444269,4.977353938176904,90.14070675067168,5.052327844421683,89.71746318556515,4.629084279315151,89.3095178630195,4.221138956769494,87.1869227895283,2.098543883278296,259517290.0,2010,0.5792129525574056,0.9316607330315494,1.530797119751802,1.6772227952445327,2.353409946102104,2.628444440603928,4.090718201203375,0.8031385134311393,0.7489131102537852,True,1.0,0.02363830332088075,-0.019324192590424706,,0.019116619610813665,259517290.0,Yes,0.0
2010-11-04,93.69156398081017,94.49498839784492,92.67956100166236,94.44863891601562,215039400,1.1350618902273288,92.86158705191147,1.5870518641041542,92.30570775349216,2.1429311625234675,91.46635551359762,2.9822834024180054,91.20503054051227,3.2436083755033565,89.73642885251303,4.712210063502596,89.14260996336596,5.306028952649669,87.48658492213707,6.9620539938785555,182887055.0,2010,0.5960171743783749,0.9678085703891287,1.5951166853427712,1.7486163528177607,2.4125183386833813,2.6307182612555255,3.113977506741054,0.41521633257860346,0.34462454426113603,True,181.0,-0.005070853822733128,-0.018812282040122228,,0.07292877330492524,182887055.0,Yes,0.0
2011-03-16,99.51945476000218,99.84563118849088,97.29065754712768,97.98958587646484,468670300,1.6502424941176497,100.0187487078876,2.0291628314227523,100.8242298104617,2.8346439339968583,101.50542956002091,3.5158436835560707,101.56704273231908,3.577456855854237,101.16071965702557,3.171133780560723,100.68843579940001,2.6988499229351675,97.95241393492748,0.03717194153736614,221114035.0,2011,0.49740108549774514,0.7795421885542906,1.3430022023970711,1.5180227892700646,2.718694798979933,3.360647815567579,6.138431163622816,0.6884360918840521,0.4692454988340312,True,132.0,0.03204359245329088,0.05679769156701139,0.05098705660234274,0.029337127465928602,221114035.0,Yes,1.0
2011-08-02,100.18080373985978,100.72164561829621,98.3623275756836,98.3623275756836,346653800,1.5514169615519384,100.83819921607731,2.47587164039372,101.83745736365299,3.4751297879693936,102.55282278653391,4.190495210850315,102.6228517493077,4.2605241736241055,102.73498275380878,4.372655178125186,102.73287599739305,4.370548421709458,102.15264276520638,3.7903151895227865,207244550.0,2011,0.7302830900231656,0.9829796372058911,1.2795109823386464,1.3465881854822348,1.570211339408204,1.6428309613020793,2.100785521370712,0.884722697201213,0.5649106165762794,True,139.0,-0.06382974597649324,-0.04701561297391431,-0.036257847266331474,0.00525373302885768,207244550.0,Yes,0.0
2011-08-04,97.52362172648651,97.68039050208579,94.1061401599476,94.26290893554688,520721800,1.8699869317192335,98.21468589833472,3.9517769627878465,99.8518064529723,5.588897517425423,101.33572677257104,7.072817837024161,101.55479686191815,7.291887926371274,102.14354707222274,7.88063813667587,102.25612987406981,7.9932209385229385,101.9331863188668,7.670277383319927,236132390.0,2011,0.7916747063742409,1.0930893417943737,1.4292379602174248,1.5012804841252925,1.7158369501151483,1.7774328102663128,2.149270231751407,1.0334033152123745,0.8880106243243949,True,2.0,-0.024363613524574376,-0.047813039144239185,,0.036350361158855184,236132390.0,Yes,0.0
2011-08-08,91.63712554963749,94.15320697897523,87.8042098614492,87.9923324584961,702263900,2.3721977950223865,93.89771206348514,5.905379604989051,96.56311602980463,8.570783571308539,99.25173412725496,11.25940166875887,99.70755108469393,11.715218626197839,101.08102878937923,13.088696330883138,101.39028275699064,13.39795029849455,101.50551253411246,13.513180075616361,284525590.0,2011,0.9227640889996794,1.2957043820354703,1.70118975553332,1.7805335768634225,2.0048234316259315,2.061255268266723,2.3602389486119217,1.3950267628830175,1.4247598144226352,True,4.0,0.07446981275400837,0.004186388130194131,0.07153024568530982,,284525590.0,Yes,1.0
2012-03-06,107.31604843973382,107.37946803690193,106.53109481824124,106.84031677246094,202129900,0.9673166362018841,108.076810222342,1.236493449881067,108.19347746571631,1.3531606932553757,107.73771687519253,0.897400102731595,107.50635428897108,0.6660375165101442,105.87413748406378,0.9661792883971572,105.07317137318582,1.7671453992751225,102.39026123773117,4.450055534729771,147776040.0,2012,0.6083227047377893,0.9855215307746066,1.722433181990556,1.9392385997251267,3.0899312549699225,3.5594450771783452,4.733622962083456,0.41534352663259566,0.28630480042223555,True,211.0,0.03940644857593389,0.04679424275198957,0.041948763240537874,-0.04518453382638137,147776040.0,Yes,1.0
2012-03-13,109.67091395248256,111.10602150013797,109.48854326311013,111.0505142211914,184090500,1.0290476233183534,109.4648286928659,1.585685528325513,109.01795596403234,2.0325582571590672,108.38501739953006,2.6654968216613497,108.16034066235395,2.8901735588374606,106.60207047063095,4.4484437505604575,105.81218555944203,5.238328661749378,103.03070016307471,8.019814058116694,145993545.0,2012,0.5842809582242917,0.9343719079739528,1.6616418109524596,1.8836703531485977,3.1170055456689387,3.6362175257810296,5.038298588571924,0.4600158004643397,0.3764001498937363,True,7.0,0.007107704773409405,0.012341768086304576,-0.004725324862649206,-0.05764738317788471,145993545.0,Yes,0.0
2012-04-10,109.85687578639244,110.16745291907228,108.11286106004395,108.22434997558594,235360300,1.1939559926529018,110.2210501578435,1.9967001822575554,110.82182658453401,2.597476608948071,110.9077128847536,2.6833629091676556,110.79161761404829,2.5672676384623543,109.5663928490677,1.342042873481759,108.81877713603673,0.5944271604507918,105.70934574824243,2.5150042273435105,145812875.0,2012,0.5311655221461332,0.8749079492586722,1.6701762861723886,1.9330677954385866,3.482892152797088,4.184974176540822,6.446775385891087,0.6622364380023725,0.5263018686435443,True,28.0,0.023399488282913817,0.01037533392239874,0.0008831046369373336,0.0008913526805648317,145812875.0,Yes,1.0
2012-09-06,113.47588373024394,115.0928545177627,113.4678833384578,115.08485412597656,158272500,0.9651497783774374,113.62913959177205,1.4557145342045175,113.38123750308878,1.703616622887779,112.9522774811217,2.132576644854865,112.7787007531787,2.3061533727978656,111.68132772249169,3.403526403484875,111.21499052133768,3.86986360463888,109.57990541934286,5.504948706633698,100572425.0,2012,0.6258938520906451,0.8704275828427742,1.2349939429353312,1.335811840598516,1.8448007011112924,2.019653728143326,2.6555079000673674,0.3228836856100926,0.35475451028826827,True,149.0,0.019614698680133293,0.020449203090715826,,-0.010535120981262632,100572425.0,Yes,0.0
2013-01-02,117.6058209805355,118.44869372338883,117.29784230207225,118.3757553100586,192059000,1.4004050303748616,116.06445451993595,2.311300790122644,115.71490272255724,2.6608525875013527,115.26838910459749,3.107366205461105,115.14427518898242,3.2314801210761743,114.6762080677917,3.6995472422668882,114.52466507338339,3.851090236675205,113.61717877164405,4.758576538414545,147863930.0,2013,0.6715010489095946,0.9347070215123232,1.2179173255263893,1.2802449179620392,1.476024502415026,1.5839618713452421,2.2951730773597623,0.5822139103621723,0.5135491848318554,True,118.0,-0.0009585100865591583,0.0067782105495790826,0.03546448649878088,0.07844379004117559,147863930.0,Yes,1.0
2013-02-25,123.70046409225128,123.88686635475308,120.75849151611327,120.75849151611328,245824800,1.1149666223924066,122.18291919763031,1.424427681517031,122.456662047531,1.6981705314177162,122.218340693012,1.4598491768987145,122.03559388823757,1.2771023721242898,120.68465391209784,0.07383760401543782,120.04030227280064,0.7181892433126364,117.64979827456995,3.1086932415433353,129134540.0,2013,0.5623334343504645,0.8954062813240792,1.4646252197543146,1.612350496581635,2.3251295123507174,2.621719264035852,3.938180350695478,0.46454181969003655,0.3143594683727499,True,54.0,0.026308661890717226,0.04718121750509238,0.052917297429494976,,129134540.0,Yes,1.0
2013-04-10,127.94649077081164,129.33039766387446,127.91393366274583,129.16758728027344,135711100,1.2257408234328955,127.79817331046465,1.3694139698087895,127.41762009119283,1.749967189080607,126.84178905638703,2.3257982238864088,126.6444430686587,2.523144211614735,125.30305558900596,3.864531691267473,124.59722769496646,4.570359585306974,121.62182054642304,7.5457667338503995,120848250.0,2013,0.5107608160452387,0.8154049519085832,1.4961632869123733,1.7282826476834918,3.088983079474275,3.703096279688831,6.009599007384298,0.4245622178210965,0.2838901504664898,True,44.0,-0.022436521035065392,-0.004978897540462181,0.029873030847617527,0.046220688715006876,120848250.0,Yes,1.0
2013-04-15,128.62219691550536,128.72802928029702,126.26141472558524,126.2776870727539,217259000,1.3065711869094707,127.88476177560139,1.607074702847484,127.76473829577277,1.4870512230188666,127.24309051058901,0.9654034378351071,127.04974266009387,0.7720555873399633,125.7240811806135,0.5536058921404106,125.02008835100487,1.2575987217490336,122.01414787339193,4.263539199361972,125162225.0,2013,0.5371700545265489,0.8302380592497638,1.4819938071071017,1.707001086768997,3.064987554271716,3.6993721574995795,6.09275951546763,0.5204520878628088,0.41537104272537656,True,5.0,0.006768825171953015,0.026946429951323354,0.07091267850605888,,125162225.0,Yes,1.0
2013-06-20,131.76450638490135,133.07515098457026,129.41999618881263,129.76190185546875,321255900,1.9037403346399506,132.30158579397363,2.5396839385048793,132.75251981398745,2.9906179585186976,133.0586049798081,3.296703124339359,133.0448802808557,3.2829784253869434,132.28399635080916,2.5220944953404114,131.67736595387828,1.9154640984095295,128.4492579628644,1.312643892604342,170168230.0,2013,0.7033378948781218,0.9946354313729133,1.5137468383409025,1.6754416683732896,2.8216253694391353,3.5042201365236085,6.658695014516446,0.7193967185791734,0.5845336494218036,True,66.0,0.015886029240566524,,,0.09137818147438946,170168230.0,Yes,0.0
2013-08-15,137.00364288387007,137.02000133098073,135.92338598108444,136.1607208251953,152931800,1.0785018068105074,137.7242700924459,1.563549267250579,138.0970960274895,1.9363752022941867,138.00236827761094,1.8416474524156285,137.85287985328156,1.6921590280862517,136.6831882808739,0.5224674556785942,136.053350876065,0.10736994913031594,132.94158491272628,3.219135912469028,95363865.0,2013,0.6881559042702811,0.9966800886084796,1.565944559348038,1.7225717296183851,2.632808894530372,3.143518607790672,6.062417135179104,0.4043921658498647,0.3969383941115616,True,56.0,-0.0019234758297510968,-0.013282786247304708,,0.07735008593669541,95363865.0,Yes,0.0
2013-12-18,147.1368413759615,149.4476739786717,145.82107119077946,149.42300415039062,234906000,1.2840556942268546,147.89323732072015,1.5297668296704785,147.77921117202573,1.6437929783648997,147.61050095975887,1.8125031906317588,147.48396934802037,1.9390348023702586,146.27170687977073,3.1512972706198923,145.56186260141382,3.8611415489768035,142.2998426671277,7.123161483262919,104011595.0,2013,0.6432703836503927,0.9699980813376426,1.5952970863619615,1.7920655562237637,2.9402222342228943,3.5078142230434013,6.158056244187928,0.5522553561381145,0.36700107724725517,True,125.0,,,0.01616396322687388,0.038408138565237004,104011595.0,Yes,1.0
2014-01-24,150.15149953187435,150.2011070378673,147.86118961314767,147.91079711914062,208677100,1.3796220360364495,150.5302990035513,2.619501884410681,151.0544966248701,3.1436995057294723,151.0885235370927,3.177726417952073,150.97899899226883,3.068201873128203,149.86957902608037,1.9587819069397483,149.17919695746548,1.2683998383248536,145.7774783876411,2.1333187314995143,98864360.0,2014,0.604416893273028,0.9204654184958971,1.6132638088018967,1.8373855809507138,3.2899556710208384,4.0148919271884305,7.198680248131027,0.614625518819419,0.5648121668937776,True,37.0,-0.0039685429858950586,0.004416266518058217,,0.05460927249877805,98864360.0,Yes,0.0
2014-07-31,163.22761489096249,163.3694706016429,161.0246559300641,161.12478637695312,183479000,1.3607476737117057,163.52174007534776,2.39695369839464,164.05799301311114,2.933206636158019,164.17940627077388,3.0546198938207567,164.09519388587427,2.9704075089211415,163.07874239525495,1.9539560183018239,162.4385575804222,1.3137712034690878,159.34665672589622,1.7781296510569007,87538260.0,2014,0.5303578925998103,0.7876462254199916,1.3784184064509737,1.5693901718223768,2.777371916133059,3.356206142561739,6.069064119374934,0.5118565329338693,0.509841989703,True,188.0,-0.010668902636627543,0.013827487997981718,,0.03079405280982746,87538260.0,Yes,0.0
2014-09-25,166.86618673534824,166.8745784730708,164.54395241259198,164.60263061523438,150300000,1.4291984622409006,166.26272274285333,1.6600921276189524,166.6143935467325,2.0117629314981116,166.6253377353669,2.0227071201325373,166.53866560633588,1.9360349911015078,165.76976492928077,1.1671343140463932,165.3114777652375,0.7088471500031233,162.80305294479348,1.7995776704408968,95036935.0,2014,0.6270818333829757,0.9157964073022369,1.388774589677171,1.5187332011048669,2.352581356210319,2.7676706496081986,5.182854865604984,0.46735333136513046,0.3936589399729011,True,56.0,-0.009983130315577491,-0.018335654251377394,,0.06405557670162906,95036935.0,Yes,0.0
2014-10-01,164.90440674074506,164.9630977242067,162.56540219169335,162.9342803955078,177798000,1.6205634257361896,164.7793021049613,1.8450217094534764,165.44686362896823,2.5125832334604183,165.96040400840064,3.0261236128928317,165.98531298746445,3.0510325919566412,165.6025336777612,2.6682532822533744,165.2446109809421,2.3103305854342864,162.96297050266807,0.02869010716025855,107718635.0,2014,0.6445557969094449,0.9399786897459426,1.3764243799721454,1.4862523602570819,2.1832714224023277,2.5481380405225096,4.842347926264578,0.5622461698272702,0.48691890518723113,True,6.0,0.011782569887922536,-0.04075159338385499,0.037612353029262524,0.07407131313447264,107718635.0,Yes,1.0
2014-10-13,159.67304275856574,160.2514967595593,157.02383882035923,157.11605834960938,230939000,2.40427264301666,160.41164005675301,3.29558170714364,161.83308386742934,4.7170255178199625,163.43092564116193,6.314867291552559,163.72400131133165,6.607942961722273,164.40360070502246,7.2875423554130805,164.3597884080776,7.2437300584682305,162.83645772834453,5.720399378735152,143397300.0,2014,0.7786996491630571,1.1196479440591576,1.5738400558859242,1.6670233983200804,2.167310991204112,2.408036755131921,4.212734162542156,1.0100977123794905,0.8253256595784706,True,12.0,0.015420484777830071,0.046689258891002394,0.08830905805497226,,143397300.0,Yes,1.0
2014-12-10,172.62563555355158,172.6843137360761,170.12732910256625,170.32015991210938,159856400,1.3509488555634772,172.45217873868225,2.1320188265728746,172.82315452553485,2.5029946134254715,172.36188404268268,2.0417241305733,172.06553316875065,1.7453732566412725,170.2351054906513,0.08505442145806796,169.4846250503596,0.8355348617497782,166.74158467720696,3.5785752349024165,89919340.0,2014,1.0156151768779877,1.6161490251029358,2.5078761501078577,2.708028624254896,3.465320789596746,3.7259745326051052,4.981577483595414,0.5787270279237703,0.42516481918276183,True,58.0,-0.0067429951813735445,0.02833597112801872,0.010914162941711159,0.014527102511695377,89919340.0,Yes,1.0
2014-12-12,169.88425071501618,170.87351623221934,168.38360094638458,168.41712951660156,202330200,1.5054387441603498,170.82526811942736,2.408138602825801,171.67962956528763,3.2625000486860642,171.83567776360516,3.4185482470035993,171.6609775984235,3.2438480818219375,170.19043732592746,1.7733078093258996,169.506778210516,1.0896486939144268,166.8609837497422,1.5561457668593732,99212580.0,2014,1.0503735567624315,1.6686334567484484,2.571124962720218,2.7699690312959384,3.478097620331941,3.723345276334563,4.946226772726722,0.7029869168442204,0.5834626309887315,True,2.0,0.033699105358742126,0.04330944331469818,,0.036602329265491784,99212580.0,Yes,0.0
2015-06-29,177.0221995666365,178.5367359497899,174.70784920927062,174.784423828125,202621300,1.6822394987366738,177.58045964618464,2.796035818059636,178.14782357533258,3.3633997472075805,178.4384490720709,3.6540252439459096,178.4671676310148,3.682743802889803,178.35531756797297,3.5708937398479748,178.17632376911934,3.3918999409943353,176.7645066028995,1.9800827747745018,112948935.0,2015,0.6377342093495058,0.8402670619206772,1.0410525603397127,1.0845291834188506,1.3698705172940977,1.5816734967422252,3.21429763456677,0.7642255778523392,0.5943455541176024,True,199.0,0.006328334848872146,0.02117607557859361,0.026043958308016153,,112948935.0,Yes,1.0
2015-08-20,175.71183168245622,177.22636780284935,173.4910772389127,173.55064392089844,194327900,1.950915854443908,176.55120419173818,3.000560270839742,177.19830412359346,3.647660202695022,177.6940429728977,4.143399051999268,177.7701854103724,4.219541489473954,177.96589626203323,4.415252341134789,177.96933084832756,4.418686927429121,177.36431975960568,3.8136758387072405,112408520.0,2015,0.7765422884694612,0.9920656309845832,1.1473092583511049,1.1719505217738055,1.275607367399217,1.3351637319814047,1.9355501266239834,0.752717802677175,0.7226353817751773,True,52.0,-0.023042576303553382,-0.0412806081336825,,0.028656787542262644,112408520.0,Yes,0.0
2015-08-21,171.64468685457447,173.52510086529296,168.0625588603653,168.32632446289062,346588500,2.2286628062844858,173.80957761545568,5.483253152565055,175.4239081914529,7.0975837285622845,176.70796734026538,8.381642877374759,176.91165259696496,8.58532813407433,177.49567324744092,9.169348784550294,177.59117373517316,9.264849272282532,177.18534955571033,8.859025092819707,123850195.0,2015,0.8621251118247298,1.0965238865489138,1.2609443008166727,1.2859624237219074,1.3845580084805336,1.4391019645674414,2.0012249640575988,0.9395144767079472,1.2693286222598403,True,1.0,0.007329690772749944,-0.026487399552950232,,0.05966867045571773,123850195.0,Yes,0.0
2015-08-24,159.52841634913727,168.02853515409032,155.1975108852369,161.2386474609375,507244300,3.078310224472964,169.61926756394962,8.38062010301212,172.58685604534986,11.348208584412362,175.07961787928352,13.840970418346018,175.4868339482352,14.248186487297687,176.7026475993188,15.464000138381294,176.94989819500708,15.71125073406958,176.8695732766059,15.630925815668405,142594355.0,2015,0.9756005012216187,1.2585928798292894,1.4704677235756554,1.504382947671057,1.6244858956594275,1.6766265561752443,2.206043297689322,1.2659834589393995,2.0903270535271514,True,3.0,0.04311353830476498,,0.026947073399517137,,142594355.0,Yes,1.0
2016-01-07,168.05748910042382,169.8728856153061,166.56042796562173,166.95620727539062,213436100,2.4100660046291114,171.27055025323844,4.314342977847815,172.86405942046136,5.907852145070734,174.30305668800574,7.346849412615114,174.56430194315303,7.608094667762401,175.1719053170838,8.215698041693173,175.1589676138684,8.202760338477788,174.85128317629434,7.89507590090372,142639650.0,2016,1.1457253726722447,1.7035390968887179,2.4942697141746852,2.6729257531715533,3.2004464311759104,3.236160113754464,3.056885953300859,1.4597219314706138,1.021835460511803,True,136.0,-0.010925051285721101,-0.03792858512460927,,0.06923275318274899,142639650.0,Yes,0.0
2016-06-24,177.01803205226128,183.294466648623,176.2269548359166,176.6790008544922,333444400,2.016672345348348,179.93936966660982,3.2603688121176333,180.36080908665863,3.6818082321664463,180.56813972668735,3.8891388721951614,180.53793648809437,3.8589356336021865,179.91296600862063,3.233965154128441,179.43856245701332,2.7595616025211314,177.3400738636266,0.6610730091344124,104699440.0,2016,0.7903333407645529,1.1325463245881167,1.6447735244549677,1.8201318547058734,2.8771557836141497,3.461362026091568,5.1443956573254646,0.9059954827689125,0.6961016128659929,True,169.0,0.03286764169279552,0.0462999084104748,,0.07398671800746794,104699440.0,Yes,0.0
2016-06-27,175.24461674115952,175.25331835122196,172.68883713690408,173.5146942138672,230775800,2.240533692569877,177.7978111823623,4.283116968495108,178.99158611210035,5.476891898233163,179.82567177796943,6.310977564102245,179.8994599177101,6.384765703842902,179.60085518936435,6.086160975497165,179.20625389845856,5.691559684591368,177.26432377155214,3.7496295576849548,113027670.0,2016,0.842261909939558,1.1947320784444864,1.6934892348924258,1.8614888266138796,2.8800721541796754,3.451027026552612,5.1016712924751895,1.052253175185794,1.0254508683743069,True,3.0,,0.06913818182873456,0.0847697731663105,,113027670.0,Yes,1.0
2016-09-09,188.6146392430008,188.6667958444017,185.38079730965111,185.40687561035156,221589100,1.4356077700813452,188.44266615020376,3.0357905398522007,188.94174206788995,3.534866457538385,189.14853142068037,3.7416558103288082,189.09894991279447,3.6920743024429044,188.18201065262664,2.775135042275082,187.5334790956671,2.1266034853155418,184.4005879261213,1.0062876842302728,78305425.0,2016,0.8013873844022914,1.1938498610925674,1.7889406934542986,1.971369798481631,3.105775428286956,3.7135723597194064,6.209946400062312,0.43095542705245576,0.6423432512152532,True,74.0,0.005475512979571346,0.017822164338635444,,0.060987134618431256,78305425.0,Yes,0.0
2017-01-25,200.9936743091334,201.75828552246094,200.82669009690977,201.75828552246094,84437700,1.2730792311356984,200.13078814721857,1.6274973752423705,199.6877009893181,2.070584533142835,199.0505723550385,2.7077131674224404,198.81684243643937,2.9414430860215646,197.13901638220858,4.6192691402523565,196.29427518366194,5.4640103387989996,192.9347545816615,8.82353094079943,73578525.0,2017,0.7872615965230649,1.259035915239896,2.0962881816023136,2.3529299142190028,3.6312595467240554,4.106862152022747,5.9634881828056985,0.510834893397569,0.39689800325841124,True,138.0,-0.008494353269833664,-0.0014374815039685214,0.03123238079291168,0.04363721013178288,73578525.0,Yes,1.0
2017-03-21,209.60916749242895,209.73274165069236,206.17555680721043,206.30795288085938,131809300,1.3155287278418066,208.1968201653548,1.8888672844954328,208.45955126763724,2.151598386777863,208.076832300139,1.7688794192796138,207.81596534525715,1.5080124643977797,205.80491675936366,0.5030361214957111,204.7314418596722,1.576511021187173,200.17919089717805,6.128761983681329,80510995.0,2017,0.6034416242283507,0.9518161882940676,1.81206398713625,2.1392274997978094,4.145812609756207,5.083221063486679,8.731840942409745,0.5706740124131585,0.5269387560072712,True,55.0,0.0068028056155504365,0.007487242797988669,0.006888082908758917,0.05186826795678712,80510995.0,Yes,1.0
2017-04-24,209.35319752631585,209.55622281066098,207.04058949771064,209.34437561035156,119209900,1.60330767717647,207.73948271809422,1.6048928922573396,207.43057966751064,1.9137959428409204,207.36481049030914,1.9795651200424231,207.35431310114708,1.9900625092044777,206.8132685401951,2.5311070701564518,206.26326078008955,3.0811148302620097,202.79510540620706,6.549270204144506,82031480.0,2017,0.6376208631101135,0.9509223762382817,1.5817374260139914,1.7901701262493506,3.189923444238724,4.049924466463298,8.002878692138896,0.4596193969892681,0.4377135881598959,True,34.0,0.006366588279987606,0.01049899949655941,0.014504366128062253,,82031480.0,Yes,1.0
2017-04-25,209.99754187627576,210.9155193900162,209.90926885039354,210.5624542236328,76698300,1.6512226842498632,208.68047321994044,1.881981003692374,208.0569545787351,2.505499644897725,207.7014045675011,2.861049656131712,207.64596229410034,2.9164919295324694,206.99615564670427,3.5662985769285456,206.43185660140497,4.130597622227839,202.94891429368084,7.613539929951969,81493670.0,2017,0.6562249612532289,0.977090506724896,1.6065962393570352,1.8125864401715135,3.1969308582375757,4.052700493375381,8.00832439183764,0.5261925627885319,0.541269503492693,True,1.0,0.000922285072685296,0.0037308087056696073,0.013456361683580782,0.03971355030040753,81493670.0,No,1.0
2017-05-17,211.91293682946474,211.91293682946474,208.09094666994505,208.15274047851562,172174100,1.139913601140155,210.47901748091843,2.3262770024028043,210.7188324612445,2.5660919827288637,210.36781499798974,2.215074519474115,210.2043389621941,2.0515984836784753,209.1582142005935,1.0054737220778804,208.55378126703602,0.4010407885203904,205.13029335562823,3.0224471228873995,74051210.0,2017,0.5887911698161776,0.9304386791491901,1.5708129587251571,1.7576705697126416,2.9599609346727163,3.740078633673238,7.694092982592961,0.6670044555490066,0.6302893294852421,True,22.0,0.02031221204592047,0.02383184016887295,0.033938281558227694,0.050428992475753026,74051210.0,Yes,1.0
2017-08-10,218.45449429109377,218.58754953104508,216.15721727768155,216.21043395996094,120479500,1.121406046970358,218.32323663034143,2.112802670380489,218.6620540203391,2.4516200603781613,218.46964063225687,2.2592066722959316,218.31493020168352,2.104496241722586,217.14666869054744,0.9362347305865057,216.49823656331833,0.2878026033573917,213.14507452772156,3.065359432239376,56649515.0,2017,0.5515678372636361,0.8280995991491287,1.4066371647840308,1.5803714993199567,2.6573311216469366,3.2585763787533337,6.6655562558852886,0.5200954382968093,0.5328484783842135,True,85.0,-0.0027484255517476294,0.0009436421028250193,,0.06824732188358332,56649515.0,Yes,0.0
2017-11-28,232.43700526528355,234.34455045650847,232.33893900436536,234.31781005859375,98971700,1.3205273981508299,232.4524238827764,1.8653861758173491,231.72873570243735,2.5890743561564022,230.7836359203361,3.53417413825764,230.5065380865638,3.8112719720299424,228.73534130698837,5.582468751605376,227.8303689854293,6.487441073164462,223.8003282928132,10.517481765780559,61025960.0,2017,0.5986953514534791,0.9922338135074242,1.8421582802698686,2.104676054652827,3.6127805616649282,4.330767763617151,7.678356751052406,0.555093645026038,0.4298403328181522,True,110.0,0.0012172892187494709,0.01487413725692962,0.02422921947360593,0.06258011394967991,61025960.0,Yes,1.0
2017-11-30,235.11114377774913,237.15239087094238,235.03092258744786,236.22537231445312,127894400,1.3810110311642692,234.09289924846487,2.1324730659882505,233.01948777338805,3.2058845410650747,231.67587175034785,4.549500564105273,231.32962237953686,4.895749934916267,229.35312052791284,6.872251786540289,228.3986419328774,7.8267303815757145,224.2477424370936,11.977629877359533,65570910.0,2017,0.6145749515349107,1.0298768786462928,1.9192921359636845,2.192438066934115,3.750507328879376,4.486528252302664,7.880742196178382,0.679083052429678,0.5615827732780206,True,2.0,-0.0035469321436631864,0.002452706387190815,,0.03029513219396915,65570910.0,Yes,0.0
2018-02-02,250.9345665411678,251.06897925581444,246.7505469985492,246.78639221191406,173174800,2.451045695663463,250.9424080428033,4.156015830889231,251.53531816306403,4.748925951149971,250.20380355137794,3.4174113394638823,249.55526949840058,2.7688772864865143,245.52863364362875,1.2577585682853112,243.67761132966612,3.1087808822479417,236.54517256522647,10.241219646687597,99571075.0,2018,1.0017304405796084,1.68309523448884,3.149271716246586,3.6036305487085363,6.199486957827739,7.424481974662501,12.404091022272015,1.644785095688431,0.850950099362134,True,64.0,-0.05064428966760407,-0.008495372615999624,,-0.04275973507847117,99571075.0,Yes,0.0
2018-02-05,244.99453642904572,247.14478461282184,235.90970162458854,236.46517944335938,294681800,3.0033283813686364,246.116665176322,9.651485732962612,248.52129041912312,12.056110975763744,248.75763259263914,12.292453149279766,248.36526131157862,11.900081868219246,245.08651392654244,8.621334483183063,243.39477086353645,6.929591420177076,236.54358854301128,0.0784090996519069,110128965.0,2018,1.1493111970456849,1.8633085064191435,3.3190647963434494,3.761998548686626,6.2742512077809245,7.457838511759348,12.267592355244098,2.0145383642776027,1.9835774853156423,True,3.0,0.005342459583420824,,0.033531625706218156,,110128965.0,Yes,1.0
2018-03-23,237.6281466721975,237.96096739183255,231.92511924690973,232.12301635742188,183534800,3.1511209957757416,238.7181224822241,6.595106124802214,241.1683872421099,9.045370884688026,242.9235006475116,10.800484290089713,243.16021831640293,11.037201958981058,243.49127142456837,11.368255067146492,243.1710633089029,11.048046951481012,239.64688931706152,7.523872959639647,105055440.0,2018,1.8582681285326426,2.734599033647763,3.9651060999269943,4.268701301511902,5.656866638882709,6.294466113274331,10.179762831232438,1.8886628716929565,1.705413375394086,True,46.0,,0.006471688188344072,,0.0675121647359847,105055440.0,Yes,0.0
2018-10-10,260.3431400555824,260.41576809798823,252.21962980368224,252.600830078125,214731000,2.4733610891296616,258.7967962147559,6.1959661366308865,260.5220985675247,7.921268489399722,261.5780417786589,8.977211700533928,261.6054394469602,9.00460936883519,260.59653562086805,7.995705542743053,259.75897421164666,7.15814413352166,255.53659411901415,2.935764040889154,78320555.0,2018,0.9014825361429932,1.3539344957979185,2.2607010179144504,2.574067726971792,4.482000236439776,5.4308670704948145,9.187944160023159,1.0181101710788851,1.3270116737299482,True,201.0,0.007725657780917853,-0.04663985171840221,-0.001940082810372173,-0.07197455330434455,78320555.0,Yes,0.0
2018-10-11,251.49354271353275,253.14548479493232,245.39408769716292,247.03697204589844,274840500,2.935618076279602,254.87685482513675,7.839882779238309,257.82507326319944,10.788101217301005,260.04740285942097,13.010430813522532,260.28103331959096,13.244061273692523,259.93509349525976,12.898121449361327,259.26007216593104,12.223100120032598,255.36828477103165,8.331312725133216,89510870.0,2018,1.0045942802077255,1.4850254641434009,2.407585234260173,2.7205523153326476,4.601017888755892,5.52956895509009,9.18534401304798,1.348967009963836,2.0230724471207386,True,1.0,0.015541622927748093,-0.007678901828093773,,-0.04663833403902392,89510870.0,Yes,0.0
2019-05-07,266.061297571554,266.66650672005204,262.0816143683659,264.0256042480469,144729900,2.542651566832855,267.0117374882522,2.9861332402053335,267.3474403863323,3.321836138285448,266.5631414341784,2.5375371861315443,266.1353482625865,2.109744014539615,262.9981556160342,1.0274486320126925,261.40951616260065,2.616088085446222,256.185507007813,7.840097240233888,65363075.0,2019,1.1187669249913736,1.8455413089156094,3.4935352669731192,4.068058591410248,7.138762446325935,8.217859343362948,10.290465822975602,0.8333507641857608,0.6940617144471947,True,208.0,-0.01573294437982563,-0.004931462895090626,-0.010870486133706506,-0.009479990443376253,65363075.0,Yes,0.0
2019-05-13,258.973084248636,259.95422999084855,256.6897887195767,257.5425720214844,127290500,3.411167185414862,262.28034081136104,4.737768789876668,263.92794551778866,6.3853734963042825,264.85834710115574,7.3157750796713685,264.77755977569245,7.234987754208078,262.80862469508276,5.266052673598381,261.49309226128184,3.95052023979747,256.6339546515278,0.9086173699565734,74922800.0,2019,1.231572802389098,1.9789880657015575,3.462136655318282,3.977720793761353,6.83506798043964,7.967494102725864,10.382906848596717,1.1857249685723787,1.1268530466608724,True,6.0,0.01100193088052062,,0.02681050413222651,,74922800.0,Yes,1.0
2019-08-01,274.220151138338,277.23324543658845,270.8661009146525,271.6769714355469,142646600,2.4187858589279836,274.64815405419273,2.971182618645855,275.26343748103073,3.58646604548386,274.8279800891964,3.1510086536495123,274.47582828832924,2.7988568527823645,271.9655516839486,0.288580248401729,270.7409666004013,0.9360048351455816,265.7001733353413,5.976798100205599,53581995.0,2019,1.4992474336844326,2.2838269076537725,3.48876845055416,3.7594748998498395,4.808220689356106,5.381351285594159,8.466699094924815,0.9825581589601086,0.7769380072719747,True,80.0,-0.00413802663151175,-0.034561587434993005,,0.0363057412844822,53581995.0,Yes,0.0
2019-08-05,265.45717574641645,265.5677438512339,259.58761784846087,261.52264404296875,178745400,3.2388716427421156,269.1581246208739,7.635480577905128,271.6141346558284,10.091490612859673,272.9379791261157,11.415335083146942,272.8978907398059,11.375246696837166,271.3478294344167,9.825185391447974,270.3376534366834,8.81500939371466,265.6937523485282,4.171108305559471,63480795.0,2019,1.6557312184349524,2.4860697260486577,3.6707636792977794,3.920219464870785,4.800639589272567,5.287124368804932,8.176185832099094,1.4453972646771973,1.713553866279284,True,4.0,0.014974256596652295,0.02998387084352151,0.036009024485931275,,63480795.0,Yes,1.0
2019-10-02,269.8396922922085,269.8489582684561,265.3408348245918,266.6553039550781,122539500,2.9084697256931844,271.3090028364106,4.653698881332502,272.7741765081455,6.118872553067376,273.3816030044998,6.726299049421698,273.30490970534254,6.6496057502644135,272.4525817920352,5.797277836957051,271.958652945624,5.303348990545885,269.0545770447116,2.399273089633482,69931160.0,2019,1.5136699997275491,2.1967420236470145,3.2579029526356895,3.510927200728729,4.5176960446356516,4.907169127027549,7.122349580775746,1.3979551873771556,1.2346270079171981,True,58.0,0.01114335812114797,0.03589535122327104,0.06276436263248675,0.12283009343011328,69931160.0,Yes,1.0
2020-01-27,300.4970183668304,302.44122686234795,300.15283228521173,300.9342346191406,84062500,2.3973787810964047,305.09280648290496,4.158571863764337,305.3732161782476,4.438981559106992,303.8844678514821,2.950233232341475,303.2381365618906,2.303901942749974,299.0769866589683,1.8572479601723444,297.0685605176619,3.865674101478703,289.21374625730715,11.720488361833475,61713935.0,2020,1.2155237918595019,2.108321939719419,4.001957414945394,4.587618410862919,7.852398239922888,9.279363191459947,14.703949061989718,1.2591831996380194,0.9737039895120909,True,117.0,0.0019162331496774215,0.03455922834702682,-0.03709426201953085,,61713935.0,Yes,0.0
2020-02-24,300.599342876002,310.2924785867864,298.8318549004354,299.9295654296875,161088400,3.491085119143906,308.2402962913053,8.310730861617799,309.57393326448357,9.644367834796071,309.0504428941094,9.12087746442188,308.63199826121246,8.702432831524959,305.3643082505088,5.434742820821327,303.5378534984372,3.6082880687496868,295.46156827109775,4.467997158589753,70916070.0,2020,1.48867710212155,2.325645904439275,3.8680879755603033,4.408691410411269,7.766066808358236,9.414094284129058,16.01882193321296,2.1430041374621736,1.9145828894475552,True,28.0,-0.04134373182505821,-0.14946349708570086,-0.23006886789419553,,70916070.0,Yes,0.0
2020-02-25,301.3434425417173,301.9666905353859,289.94794601978424,290.8409729003906,218913200,3.9581930479888285,302.4405218276671,11.599548927276487,305.82734119166497,14.986368291274346,307.1336565789811,16.292683678590492,307.01463231931956,16.173659418928935,304.6558528675762,13.814879967185561,303.0399366122393,12.198963711848648,295.37007133306395,4.529098432673322,77658605.0,2020,1.666278381043358,2.5609070420442714,4.093120748206364,4.621600671602999,7.889720240449474,9.49197396460476,15.90181486767519,2.5150529906377814,2.8306800772048932,True,1.0,-0.03969265531316666,-0.07749858687213394,-0.1596482452713599,,77658605.0,Yes,0.0
2020-02-27,284.15257028223357,289.8270692724104,276.75714111328125,276.75714111328125,284353500,5.023987064994316,291.06401257661946,14.306871463338211,297.44433478844684,20.687193675165588,302.3008929551088,25.543751841827543,302.83888261878803,26.081741505506784,302.6042827375942,25.84714162431294,301.5093055455422,24.75216443226094,294.8928271043633,18.135685991082028,95728825.0,2020,1.9998073067084996,3.046462981609157,4.639358338153463,5.1585863796473435,8.29473459919813,9.816027320007597,15.855755767132244,3.588494790932728,3.949710339449491,True,2.0,0.016637853523374373,-0.16604486293522677,,0.02623374395094907,95728825.0,Yes,0.0
2020-03-09,256.09638406938444,264.36627403211423,254.3754538871008,255.10104370117188,309417300,10.873900671001705,273.0639605069073,17.962916805735404,279.661536132073,24.56049243090115,288.4226317868321,33.32158808566021,290.1959476538271,35.094903952655216,295.182799410301,40.08175570912914,295.67089733508146,40.56985363390959,292.6666475171109,37.56560381593903,161900795.0,2020,2.6297893440113302,4.053866216301439,6.245713856506286,6.850813851209246,9.918958911083287,11.260336365069028,16.21740534401758,5.1788328359092874,5.044942759058535,True,11.0,-0.1253693108307291,-0.18221569391437,0.005146814550903555,,161900795.0,Yes,1.0
2020-03-12,238.1426705076347,248.05908355339992,230.40302690282013,230.80303955078125,392220700,14.034071036409696,254.30651387885507,23.50347432807382,264.5253891168089,33.722349566027674,277.5348731759688,46.73183362518756,280.26119932570145,49.458159774920205,289.00161822702614,58.19857867624489,290.6122439493597,59.80920439857846,290.25126528995094,59.448225739169686,201053490.0,2020,3.1820634607535934,4.95361916858839,7.597665157982757,8.28764161335779,11.546437993107165,12.876029823894507,17.51441473932856,6.714854215006909,6.417396306439769,True,3.0,-0.03063154952416741,0.058949320596158594,,0.2932805091767053,201053490.0,Yes,0.0
2020-06-11,291.43776037452847,292.08340595243055,280.72384169651787,281.2852478027344,209243600,5.497321911593149,292.12070134397345,10.835453541239076,291.46119387092335,10.175946068188978,286.6701242094915,5.384876406757144,285.1155606780528,3.830312875318441,278.2067506662642,3.078497136470162,276.4772269716999,4.808020831034469,275.1820521658426,6.103195636891769,99183645.0,2020,4.546350530486029,7.11179705670068,11.52635899025299,12.756343138262306,16.74320743274656,17.58134294493987,20.18108991054542,3.589586633404335,2.533909630475845,True,91.0,0.037157669584595245,0.02692034581169569,,0.13530899719056477,99183645.0,Yes,0.0
2020-09-08,316.4510352828077,322.0242645495727,312.851488947176,313.16162109375,114465300,4.940843403020044,322.0761721740015,8.9145510802515,323.558155297248,10.396534203497993,321.82850484863826,8.66688375488826,320.881249790926,7.719628697176006,314.4851146976304,1.3234936038804221,311.3380281160493,1.8235929777006845,300.26482719565143,12.896793898098565,64434070.0,2020,2.3773010096182072,3.559024373395214,5.712913699612148,6.484741354708103,11.668468209222672,13.985868891330972,20.176744076792648,2.687926576197236,2.089666188331194,True,89.0,0.02088790529425981,-0.004765301588044063,0.03585163443022975,0.11211390337644518,64434070.0,Yes,1.0
2020-10-28,313.36777612909236,319.1708772285488,307.7345151485533,308.234619140625,127094300,5.10484333108583,317.50655458188,9.271935441254982,320.15944765545265,11.924828514827652,321.2058050595846,12.971185918959577,321.11450625426113,12.87988711363613,319.4115883958821,11.17696925525712,318.03593329826543,9.801314157640434,310.12434168723087,1.8897225466058671,70906555.0,2020,2.6470653052874336,4.009814918870686,5.761593529701744,6.222895913070049,9.062156454381332,10.83283003647652,18.970500915643246,2.6491174232525623,2.4006157372593693,True,50.0,0.051674555594366546,0.09186927587405913,0.11329838760139371,0.1798997290359271,70906555.0,Yes,1.0
2021-01-07,356.39875668831405,359.99968969247914,356.21870714620826,359.2416076660156,68766800,4.754349501947855,354.6525157093666,4.5890919566490425,353.1503750838235,6.091232582192106,350.7534351744006,8.488172491615046,349.9553513500276,9.286256315987998,344.80761789157236,14.433989774443262,342.2468315939577,16.994776072057903,331.1401979956454,28.10140967037023,68637475.0,2021,2.4739527561813204,3.8069080725962205,6.160486114521556,6.864888162572053,10.502665017739801,12.24335312488827,20.493107993426115,1.4123933357030638,1.0270837043419072,True,71.0,-0.0016882115465922346,0.013558361378871182,,0.07602669095330816,68637475.0,Yes,0.0
2021-05-12,390.9648414615851,392.25780754664396,384.0911211018877,385.431640625,134811000,4.29591391685541,392.8859583077127,7.454317682712713,394.4254819206334,8.993841295633388,393.99217449119266,8.560533866192657,393.3756977687068,7.9440571437068,388.29385239713145,2.8622117721314453,385.53762282819946,0.10598220319945995,372.7487778782384,12.6828627467616,78224320.0,2021,2.2825822060862144,3.3475951955118934,5.409888855343142,6.072678968375639,10.029849814212819,12.23284464696196,23.764078965143458,1.8855854011375754,1.5942845913995083,True,125.0,0.013443101028169514,0.033694214582879384,0.04661949366832032,0.0955040228589092,78224320.0,Yes,1.0
2021-06-18,397.8334080156644,398.5392337113764,395.553766834549,395.76361083984375,118676300,2.9494851799721777,399.94926959270714,4.1856587528633895,400.57271430970917,4.80910346986542,399.917130589993,4.153519750149258,399.5440288335133,3.780417993669573,396.4233015059299,0.659690666086135,394.42808470667603,1.3355261331677184,383.3486010817504,12.415009758093333,59435510.0,2021,1.8931329099593732,2.865580850560776,4.845020728380632,5.4783701826434985,9.598416665165125,11.916457179110516,23.727362799356552,1.3467295624781428,0.9493065330662891,True,37.0,0.02817383078320796,0.04530997004869227,,0.07772565613813659,59435510.0,Yes,0.0
2021-07-19,406.5132538923586,411.49225309317126,402.4880857330149,405.3495788574219,147987000,3.7185849033244147,410.98717533997194,5.637596482550066,411.7640831537032,6.414504296281336,410.3859443192913,5.036365461869423,409.74062136557376,4.391042508151884,405.6244959790766,0.2749171216547097,403.45879849806994,1.8907803593519361,392.2975296568125,13.05204920060936,65165865.0,2021,1.7177970518375814,2.4368823398341855,4.089160327757167,4.6581365901826475,8.515088128494329,10.795094542623358,22.653221117023993,2.01100217657615,1.189368576798223,True,31.0,0.037767226714559274,0.02969607743123562,0.033437543172423555,,65165865.0,Yes,1.0
2021-09-20,416.1309298328687,417.73849262360596,410.3704526965925,415.3271484375,166445500,4.033161640324936,421.86978794239366,6.542639504893657,423.9773362763814,8.65018783888138,425.2639270377768,9.936778600276796,425.2105405614344,9.883392123934414,422.9629652414851,7.635816803985108,421.2211303714051,5.893981933905081,411.0381427327477,4.289005704752299,68725985.0,2021,1.8214903828004814,2.7004522135691085,4.338708617340184,4.8617020000066775,8.421468605549487,10.499856090308374,21.47475643641058,1.928246568271979,1.4871436116017434,True,63.0,0.019813820407011604,-0.012441364229534794,0.042323343208831514,,68725985.0,Yes,1.0
2021-11-26,442.4070156810178,443.8997566721363,438.034036233074,439.18231201171875,112669600,3.9382662562853983,445.3286861420387,6.146374130319941,446.07086242038247,6.888550408663718,444.5246009586448,5.342288946926033,443.67199412270054,4.489682110981789,438.4667452235314,0.7155667881873455,436.1854715162672,2.996840495451522,426.34064935240195,12.841662659316796,58534275.0,2021,2.282861893232951,3.5485907126456886,5.7567409631419855,6.289318698372904,8.693845614535533,9.778948206621425,16.564851950060536,1.9511489380325115,1.4933895538182118,True,67.0,-0.012092174024464799,0.025644344994269385,,-0.06354513190976162,58534275.0,Yes,0.0
2022-04-22,420.84550548623884,421.97246995285184,409.7972382888878,410.37518310546875,132471800,7.194647785479369,420.150989646069,9.775806540600229,423.0005037853802,12.625320679911454,425.4784331753855,15.103250069916726,425.7018784652819,15.32669535981313,426.1779136784588,15.802730572990072,426.58468476361463,16.209501658145882,427.92945314542726,17.55427003995851,84686130.0,2022,4.227129093446401,5.80738829227274,7.989474127124953,8.5787863870403,10.746596971080836,11.148636502503866,10.512062003105026,3.545436424153516,2.3133471562919716,True,147.0,-0.032954507764977235,-0.034503829577872645,,-0.05991757078476117,84686130.0,Yes,0.0
2022-04-26,410.17291470426494,410.3752145126222,400.77179392399984,400.8006896972656,103996300,7.85721358091145,412.0571950781575,11.256505380891895,416.921158604284,16.12046890701839,421.6823871818486,20.881697484582958,422.3680915151638,21.5674018178982,424.3171348323486,23.51644513508296,425.05245141864657,24.251761721380944,427.09770352630994,26.297013829044317,88586775.0,2022,4.265951566772156,5.786846773535209,7.882551515711174,8.453753855405377,10.600684386397516,11.03478953045446,10.642914836281927,3.853003839761686,2.8719939872931435,True,4.0,0.0006730149921913053,-0.04087955041776193,-0.025931216634305247,-0.04523256174297711,88586775.0,Yes,0.0
2022-06-13,365.8835631178692,367.77148899845776,359.57437791465225,361.2118835449219,170004900,8.936719420542122,378.7751527849156,17.5632692399937,384.2467280502933,23.03484450537144,388.1054460002041,26.893562455282222,389.09278867151636,27.880905126594484,395.522169388441,34.310285843519125,398.59287307638516,37.380989531463285,408.956370518539,47.74448697361714,91993485.0,2022,4.929378084251361,7.146040720012668,10.056505302668304,10.649027959608441,13.029023035198255,14.118017108526775,17.84912111369053,4.935511160630125,4.515942976332274,True,48.0,,0.04071622365674903,0.014576986802595532,,91993485.0,Yes,1.0
2022-11-10,376.93875365083943,383.72862555682804,374.5977865022558,383.3886413574219,141455800,8.09634186593477,372.35005415844597,11.038587198975904,370.35720372129214,13.031437636129738,367.9253994970471,15.463241860374751,367.5397814806247,15.848859876797178,368.34507781580095,15.043563541620927,369.65427574721434,13.734365610207533,377.0394943737531,6.349146983668788,96814735.0,2022,4.617293690684998,6.607133383394752,9.221288126083643,9.86683892823064,12.525823628000014,13.260290403643994,17.246684937362502,4.054968521500234,2.7880303014768977,True,150.0,-0.001140264106658991,,,0.045214476713498555,96814735.0,Yes,0.0
2023-06-02,415.8195077364754,419.97279549163505,415.28076650365244,419.1695861816406,91366700,4.502444452683757,413.3884696931832,5.781116488457428,411.20874392377334,7.960842257867284,408.55327252127944,10.616313660361186,407.89925733012177,11.270328851518855,404.50915952105663,14.660426660583994,403.01542237891164,16.154163802728988,397.4706443027593,21.698941878881328,80419140.0,2023,2.2737847983949826,3.1917470117417714,4.554720283719395,4.904592697199517,6.479901776597028,7.169761864857263,9.985051015673701,1.9388766874566898,1.5236011756333439,True,204.0,0.004626893717807971,0.030782399486172504,,0.056325543675664884,80419140.0,Yes,0.0
2023-09-21,429.88686206624965,430.15324886135636,425.4765000181364,425.6343688964844,103976100,3.971141513309821,432.79016682672716,7.155797930242784,435.0609831161812,9.42661421969683,436.65351494034763,11.019146043863259,436.8697150507609,11.235346154276499,436.70227590770514,11.067907011220768,435.80065523861106,10.166286342126682,428.42745266380325,2.793083767318876,73970810.0,2023,2.2031950197737116,3.1809562147743655,4.810685687814246,5.299496271159345,8.421010314293014,10.219232901583984,19.32951026814884,2.2871013836592966,1.828127651364911,True,111.0,-0.0066529544631473,-0.015971607751441203,,0.08986880293495743,73970810.0,Yes,0.0
2024-01-19,473.18787288975,478.2105171102845,472.0882568232658,477.9232177734375,110733300,4.518101733619395,472.99216985905247,4.931047914385033,471.5811085784801,6.342109194957402,469.0824415609269,8.840776212510605,468.11674391352517,9.80647385991233,461.49870835110704,16.42450942233046,458.4092113650387,19.514006408398814,447.5659810976149,30.357236675822605,83872565.0,2024,2.999477561089056,4.942578060721829,8.30979775821179,9.300366482265801,13.920555350429137,15.399717368754153,20.007368089182965,2.104442521394719,1.111397754673977,True,120.0,0.010322792477523832,0.024708331513478295,,0.03864197180846594,83872565.0,Yes,0.0
2024-04-15,511.9033483294517,512.0722665055296,500.4256766924045,501.2902526855469,92101400,5.978029625578183,508.42954873347594,7.139296047929065,510.7951878458875,9.504935160340608,511.8687961034236,10.578543417876745,511.59751701970504,10.307264334158162,507.0478598526565,5.757607167109597,503.82490541097667,2.534652725429794,487.94712132656895,13.343131358977928,73642255.0,2024,2.3702133282629214,3.6526929067698024,6.734132018017812,7.848151704634382,15.018357553682625,18.673972208982494,33.33685804033331,2.2048073782438564,1.9493544894320702,True,87.0,-0.009376621449081681,0.011120960504810614,0.050213137132274446,,73642255.0,Yes,1.0
2024-07-24,547.1816242325932,547.490673848427,538.6378231676504,539.574951171875,74515300,5.911157047891371,548.2525069507088,8.677555778833835,550.4042212597155,10.829270087840541,549.9524365586526,10.377485386777607,549.1820463924711,9.60709522059608,542.8905095546506,3.3155583827756345,539.5425652636048,0.032385908270157415,524.2143651169603,15.360586054914734,46062360.0,2024,2.7366550773938885,4.296405535082988,7.153651601689332,7.994510438086168,12.593632638868783,14.774683194511725,27.641594411179028,2.8348043071171047,2.1893021654081357,True,100.0,0.017700451427741473,-0.04170129935355837,0.03861580408841414,0.08107317816984669,46062360.0,Yes,1.0
2024-08-05,510.0754746346891,521.9789658356743,508.70963839063586,515.7979125976562,146267400,10.158860620109424,531.5924201565399,15.794507558883652,536.8561996552668,21.058287057610528,541.7232095170716,25.92529691941536,542.2738976708266,26.475985073170364,540.9147176088386,25.11680501118235,538.8565628771601,23.05865027950381,526.1503368482901,10.352424250633817,57641465.0,2024,3.074069873053804,4.916893874458562,7.916884856424067,8.728735935135044,12.991807277489881,15.216946836009758,27.916713980711304,4.086836437448215,3.7810506737944145,True,12.0,0.03071247532639682,0.08162272287240796,0.06488460960002404,,57641465.0,Yes,1.0
2024-10-31,575.5599975585938,575.6300048828125,568.4400024414062,568.6400146484375,60182500,5.27215576171875,576.571209660078,7.931195011640511,578.0537642546373,9.413749606199758,577.4529279952858,8.81291334684829,576.7777429768395,8.137728328401977,571.4180170013393,2.778002352901808,568.5912445418767,0.04877010656082348,555.438078297916,13.201936350521464,41222785.0,2024,3.6194781719169233,5.38878155457178,8.059690989223547,8.75631841782538,12.24675009109646,13.919365917250005,23.629268858675328,2.3156143526059907,1.9023605845502907,True,87.0,0.04742890054932068,0.04345448843021884,,,41222785.0,Yes,0.0
2024-11-06,589.2000122070312,591.9299926757812,585.3900146484375,591.0399780273438,68182000,6.257860456194196,579.8747997030614,11.165178324282351,578.6609928347933,12.37898519255043,577.6846447217843,13.355333305559498,577.152491676463,13.88748635088075,572.5334297380822,18.50654828926156,569.9063953695368,21.133582657806983,557.120146842696,33.919831184647705,42389290.0,2024,3.4132458546778954,5.0120756795009465,7.3252906834756,7.966419395781839,11.452675785408687,13.338062714758479,24.510746948324808,2.7977803114986046,2.7267085959849804,True,6.0,0.010405428808028916,-0.0009136066043213892,,,42389290.0,Yes,0.0
